Connecting to jdbc:hive2://hadoop-03.uni.innopolis.ru:10001
2026-05-09 10:36:49,854 INFO jdbc.Utils: Supplied authorities: hadoop-03.uni.innopolis.ru:10001
2026-05-09 10:36:49,855 INFO jdbc.Utils: Resolved authority: hadoop-03.uni.innopolis.ru:10001
Connected to: Apache Hive (version 3.1.3)
Driver: Hive JDBC (version 2.3.9)
Transaction isolation: TRANSACTION_REPEATABLE_READ
No rows affected (0.06 seconds)
No rows affected (0.003 seconds)
No rows affected (0.002 seconds)
No rows affected (0.002 seconds)
INFO  : Compiling command(queryId=hive_20260509103650_4d49879e-e6eb-49e2-93c9-2a7061dd4215): USE team30_projectdb
INFO  : Semantic Analysis Completed (retrial = false)
INFO  : Returning Hive schema: Schema(fieldSchemas:null, properties:null)
INFO  : EXPLAIN output for queryid hive_20260509103650_4d49879e-e6eb-49e2-93c9-2a7061dd4215 : STAGE DEPENDENCIES:
  Stage-0 is a root stage [DDL]

STAGE PLANS:
  Stage: Stage-0


INFO  : Completed compiling command(queryId=hive_20260509103650_4d49879e-e6eb-49e2-93c9-2a7061dd4215); Time taken: 0.043 seconds
INFO  : Executing command(queryId=hive_20260509103650_4d49879e-e6eb-49e2-93c9-2a7061dd4215): USE team30_projectdb
INFO  : Starting task [Stage-0:DDL] in serial mode
INFO  : Completed executing command(queryId=hive_20260509103650_4d49879e-e6eb-49e2-93c9-2a7061dd4215); Time taken: 0.006 seconds
INFO  : OK
No rows affected (0.058 seconds)
INFO  : Compiling command(queryId=hive_20260509103650_7672f0c5-6c14-466c-b948-f1d4a6310404): DROP TABLE IF EXISTS stage3_model1_predictions_ext
INFO  : Semantic Analysis Completed (retrial = false)
INFO  : Returning Hive schema: Schema(fieldSchemas:null, properties:null)
INFO  : EXPLAIN output for queryid hive_20260509103650_7672f0c5-6c14-466c-b948-f1d4a6310404 : STAGE DEPENDENCIES:
  Stage-0 is a root stage [DDL]

STAGE PLANS:
  Stage: Stage-0
      Drop Table Operator:
        Drop Table
          table: stage3_model1_predictions_ext


INFO  : Completed compiling command(queryId=hive_20260509103650_7672f0c5-6c14-466c-b948-f1d4a6310404); Time taken: 0.043 seconds
INFO  : Executing command(queryId=hive_20260509103650_7672f0c5-6c14-466c-b948-f1d4a6310404): DROP TABLE IF EXISTS stage3_model1_predictions_ext
INFO  : Starting task [Stage-0:DDL] in serial mode
INFO  : Completed executing command(queryId=hive_20260509103650_7672f0c5-6c14-466c-b948-f1d4a6310404); Time taken: 0.045 seconds
INFO  : OK
No rows affected (0.107 seconds)
INFO  : Compiling command(queryId=hive_20260509103650_28d542de-bd8a-4723-9d8a-1b19dc293b65): CREATE EXTERNAL TABLE stage3_model1_predictions_ext (
label DOUBLE,
prediction DOUBLE
)
ROW FORMAT DELIMITED
FIELDS TERMINATED BY ','
STORED AS TEXTFILE
LOCATION 'project/output/model1_predictions'
TBLPROPERTIES ('skip.header.line.count'='1')
INFO  : Semantic Analysis Completed (retrial = false)
INFO  : Returning Hive schema: Schema(fieldSchemas:null, properties:null)
INFO  : EXPLAIN output for queryid hive_20260509103650_28d542de-bd8a-4723-9d8a-1b19dc293b65 : STAGE DEPENDENCIES:
  Stage-0 is a root stage [DDL]

STAGE PLANS:
  Stage: Stage-0
      Create Table Operator:
        Create Table
          columns: label double, prediction double
          field delimiter: ,
          input format: org.apache.hadoop.mapred.TextInputFormat
          location: project/output/model1_predictions
          output format: org.apache.hadoop.hive.ql.io.IgnoreKeyTextOutputFormat
          serde name: org.apache.hadoop.hive.serde2.lazy.LazySimpleSerDe
          name: team30_projectdb.stage3_model1_predictions_ext
          table properties:
            skip.header.line.count 1
          isExternal: true


INFO  : Completed compiling command(queryId=hive_20260509103650_28d542de-bd8a-4723-9d8a-1b19dc293b65); Time taken: 0.035 seconds
INFO  : Executing command(queryId=hive_20260509103650_28d542de-bd8a-4723-9d8a-1b19dc293b65): CREATE EXTERNAL TABLE stage3_model1_predictions_ext (
label DOUBLE,
prediction DOUBLE
)
ROW FORMAT DELIMITED
FIELDS TERMINATED BY ','
STORED AS TEXTFILE
LOCATION 'project/output/model1_predictions'
TBLPROPERTIES ('skip.header.line.count'='1')
INFO  : Starting task [Stage-0:DDL] in serial mode
INFO  : Completed executing command(queryId=hive_20260509103650_28d542de-bd8a-4723-9d8a-1b19dc293b65); Time taken: 0.024 seconds
INFO  : OK
No rows affected (0.089 seconds)
INFO  : Compiling command(queryId=hive_20260509103650_0f01ced9-8388-4d21-9dfb-396538dcd147): DROP TABLE IF EXISTS stage3_model2_predictions_ext
INFO  : Semantic Analysis Completed (retrial = false)
INFO  : Returning Hive schema: Schema(fieldSchemas:null, properties:null)
INFO  : EXPLAIN output for queryid hive_20260509103650_0f01ced9-8388-4d21-9dfb-396538dcd147 : STAGE DEPENDENCIES:
  Stage-0 is a root stage [DDL]

STAGE PLANS:
  Stage: Stage-0
      Drop Table Operator:
        Drop Table
          table: stage3_model2_predictions_ext


INFO  : Completed compiling command(queryId=hive_20260509103650_0f01ced9-8388-4d21-9dfb-396538dcd147); Time taken: 0.035 seconds
INFO  : Executing command(queryId=hive_20260509103650_0f01ced9-8388-4d21-9dfb-396538dcd147): DROP TABLE IF EXISTS stage3_model2_predictions_ext
INFO  : Starting task [Stage-0:DDL] in serial mode
INFO  : Completed executing command(queryId=hive_20260509103650_0f01ced9-8388-4d21-9dfb-396538dcd147); Time taken: 0.046 seconds
INFO  : OK
No rows affected (0.101 seconds)
INFO  : Compiling command(queryId=hive_20260509103650_aa4b7da9-910a-48a7-bb50-df9feee72610): CREATE EXTERNAL TABLE stage3_model2_predictions_ext (
label DOUBLE,
prediction DOUBLE
)
ROW FORMAT DELIMITED
FIELDS TERMINATED BY ','
STORED AS TEXTFILE
LOCATION 'project/output/model2_predictions'
TBLPROPERTIES ('skip.header.line.count'='1')
INFO  : Semantic Analysis Completed (retrial = false)
INFO  : Returning Hive schema: Schema(fieldSchemas:null, properties:null)
INFO  : EXPLAIN output for queryid hive_20260509103650_aa4b7da9-910a-48a7-bb50-df9feee72610 : STAGE DEPENDENCIES:
  Stage-0 is a root stage [DDL]

STAGE PLANS:
  Stage: Stage-0
      Create Table Operator:
        Create Table
          columns: label double, prediction double
          field delimiter: ,
          input format: org.apache.hadoop.mapred.TextInputFormat
          location: project/output/model2_predictions
          output format: org.apache.hadoop.hive.ql.io.IgnoreKeyTextOutputFormat
          serde name: org.apache.hadoop.hive.serde2.lazy.LazySimpleSerDe
          name: team30_projectdb.stage3_model2_predictions_ext
          table properties:
            skip.header.line.count 1
          isExternal: true


INFO  : Completed compiling command(queryId=hive_20260509103650_aa4b7da9-910a-48a7-bb50-df9feee72610); Time taken: 0.034 seconds
INFO  : Executing command(queryId=hive_20260509103650_aa4b7da9-910a-48a7-bb50-df9feee72610): CREATE EXTERNAL TABLE stage3_model2_predictions_ext (
label DOUBLE,
prediction DOUBLE
)
ROW FORMAT DELIMITED
FIELDS TERMINATED BY ','
STORED AS TEXTFILE
LOCATION 'project/output/model2_predictions'
TBLPROPERTIES ('skip.header.line.count'='1')
INFO  : Starting task [Stage-0:DDL] in serial mode
INFO  : Completed executing command(queryId=hive_20260509103650_aa4b7da9-910a-48a7-bb50-df9feee72610); Time taken: 0.029 seconds
INFO  : OK
No rows affected (0.096 seconds)
INFO  : Compiling command(queryId=hive_20260509103650_2698e50c-7db2-4ea4-84ed-52af6f964732): DROP TABLE IF EXISTS stage3_model_evaluation_ext
INFO  : Semantic Analysis Completed (retrial = false)
INFO  : Returning Hive schema: Schema(fieldSchemas:null, properties:null)
INFO  : EXPLAIN output for queryid hive_20260509103650_2698e50c-7db2-4ea4-84ed-52af6f964732 : STAGE DEPENDENCIES:
  Stage-0 is a root stage [DDL]

STAGE PLANS:
  Stage: Stage-0
      Drop Table Operator:
        Drop Table
          table: stage3_model_evaluation_ext


INFO  : Completed compiling command(queryId=hive_20260509103650_2698e50c-7db2-4ea4-84ed-52af6f964732); Time taken: 0.031 seconds
INFO  : Executing command(queryId=hive_20260509103650_2698e50c-7db2-4ea4-84ed-52af6f964732): DROP TABLE IF EXISTS stage3_model_evaluation_ext
INFO  : Starting task [Stage-0:DDL] in serial mode
INFO  : Completed executing command(queryId=hive_20260509103650_2698e50c-7db2-4ea4-84ed-52af6f964732); Time taken: 0.004 seconds
INFO  : OK
No rows affected (0.055 seconds)
INFO  : Compiling command(queryId=hive_20260509103650_05774699-2c9f-4873-94ca-f187c16f393f): CREATE EXTERNAL TABLE stage3_model_evaluation_ext (
model STRING,
accuracy DOUBLE,
model_precision DOUBLE,
recall DOUBLE,
f1_score DOUBLE
)
ROW FORMAT DELIMITED
FIELDS TERMINATED BY ','
STORED AS TEXTFILE
LOCATION 'project/output/evaluation'
TBLPROPERTIES ('skip.header.line.count'='1')
INFO  : Semantic Analysis Completed (retrial = false)
INFO  : Returning Hive schema: Schema(fieldSchemas:null, properties:null)
INFO  : EXPLAIN output for queryid hive_20260509103650_05774699-2c9f-4873-94ca-f187c16f393f : STAGE DEPENDENCIES:
  Stage-0 is a root stage [DDL]

STAGE PLANS:
  Stage: Stage-0
      Create Table Operator:
        Create Table
          columns: model string, accuracy double, model_precision double, recall double, f1_score double
          field delimiter: ,
          input format: org.apache.hadoop.mapred.TextInputFormat
          location: project/output/evaluation
          output format: org.apache.hadoop.hive.ql.io.IgnoreKeyTextOutputFormat
          serde name: org.apache.hadoop.hive.serde2.lazy.LazySimpleSerDe
          name: team30_projectdb.stage3_model_evaluation_ext
          table properties:
            skip.header.line.count 1
          isExternal: true


INFO  : Completed compiling command(queryId=hive_20260509103650_05774699-2c9f-4873-94ca-f187c16f393f); Time taken: 0.036 seconds
INFO  : Executing command(queryId=hive_20260509103650_05774699-2c9f-4873-94ca-f187c16f393f): CREATE EXTERNAL TABLE stage3_model_evaluation_ext (
model STRING,
accuracy DOUBLE,
model_precision DOUBLE,
recall DOUBLE,
f1_score DOUBLE
)
ROW FORMAT DELIMITED
FIELDS TERMINATED BY ','
STORED AS TEXTFILE
LOCATION 'project/output/evaluation'
TBLPROPERTIES ('skip.header.line.count'='1')
INFO  : Starting task [Stage-0:DDL] in serial mode
INFO  : Completed executing command(queryId=hive_20260509103650_05774699-2c9f-4873-94ca-f187c16f393f); Time taken: 0.047 seconds
INFO  : OK
No rows affected (0.129 seconds)
INFO  : Compiling command(queryId=hive_20260509103651_d4201f74-6165-4993-a3ae-62329b8b07e8): DROP TABLE IF EXISTS stage4_model_evaluation
INFO  : Semantic Analysis Completed (retrial = false)
INFO  : Returning Hive schema: Schema(fieldSchemas:null, properties:null)
INFO  : EXPLAIN output for queryid hive_20260509103651_d4201f74-6165-4993-a3ae-62329b8b07e8 : STAGE DEPENDENCIES:
  Stage-0 is a root stage [DDL]

STAGE PLANS:
  Stage: Stage-0
      Drop Table Operator:
        Drop Table
          table: stage4_model_evaluation


INFO  : Completed compiling command(queryId=hive_20260509103651_d4201f74-6165-4993-a3ae-62329b8b07e8); Time taken: 0.027 seconds
INFO  : Executing command(queryId=hive_20260509103651_d4201f74-6165-4993-a3ae-62329b8b07e8): DROP TABLE IF EXISTS stage4_model_evaluation
INFO  : Starting task [Stage-0:DDL] in serial mode
INFO  : Completed executing command(queryId=hive_20260509103651_d4201f74-6165-4993-a3ae-62329b8b07e8); Time taken: 0.004 seconds
INFO  : OK
No rows affected (0.051 seconds)
INFO  : Compiling command(queryId=hive_20260509103651_fe7d4bdc-4374-44c3-8dba-e8628d5df2fd): CREATE TABLE stage4_model_evaluation
STORED AS PARQUET
AS
SELECT
model,
accuracy,
model_precision,
recall,
f1_score
FROM stage3_model_evaluation_ext
INFO  : Semantic Analysis Completed (retrial = false)
INFO  : Returning Hive schema: Schema(fieldSchemas:[FieldSchema(name:model, type:string, comment:null), FieldSchema(name:accuracy, type:double, comment:null), FieldSchema(name:model_precision, type:double, comment:null), FieldSchema(name:recall, type:double, comment:null), FieldSchema(name:f1_score, type:double, comment:null)], properties:null)
INFO  : EXPLAIN output for queryid hive_20260509103651_fe7d4bdc-4374-44c3-8dba-e8628d5df2fd : STAGE DEPENDENCIES:
  Stage-1 is a root stage [MAPRED]
  Stage-2 depends on stages: Stage-1 [DEPENDENCY_COLLECTION]
  Stage-4 depends on stages: Stage-2, Stage-0 [DDL]
  Stage-3 depends on stages: Stage-4 [STATS]
  Stage-0 depends on stages: Stage-1 [MOVE]

STAGE PLANS:
  Stage: Stage-1
    Tez
      DagId: hive_20260509103651_fe7d4bdc-4374-44c3-8dba-e8628d5df2fd:1890
      DagName: hive_20260509103651_fe7d4bdc-4374-44c3-8dba-e8628d5df2fd:1890
      Vertices:
        Map 1 
            Map Operator Tree:
                TableScan
                  alias: stage3_model_evaluation_ext
                  Statistics: Num rows: 7 Data size: 2270 Basic stats: COMPLETE Column stats: NONE
                  GatherStats: false
                  Select Operator
                    expressions: model (type: string), accuracy (type: double), model_precision (type: double), recall (type: double), f1_score (type: double)
                    outputColumnNames: _col0, _col1, _col2, _col3, _col4
                    Statistics: Num rows: 7 Data size: 2270 Basic stats: COMPLETE Column stats: NONE
                    File Output Operator
                      compressed: false
                      GlobalTableId: 1
                      directory: hdfs://hadoop-02.uni.innopolis.ru:8020/user/team30/project/hive/warehouse/.hive-staging_hive_2026-05-09_10-36-51_132_3902438018356496424-701/-ext-10002
                      NumFilesPerFileSink: 1
                      Statistics: Num rows: 7 Data size: 2270 Basic stats: COMPLETE Column stats: NONE
                      Stats Publishing Key Prefix: hdfs://hadoop-02.uni.innopolis.ru:8020/user/team30/project/hive/warehouse/.hive-staging_hive_2026-05-09_10-36-51_132_3902438018356496424-701/-ext-10002/
                      table:
                          input format: org.apache.hadoop.hive.ql.io.parquet.MapredParquetInputFormat
                          output format: org.apache.hadoop.hive.ql.io.parquet.MapredParquetOutputFormat
                          properties:
                            columns model,accuracy,model_precision,recall,f1_score
                            columns.types string:double:double:double:double
                            name team30_projectdb.stage4_model_evaluation
                            serialization.format 1
                            serialization.lib org.apache.hadoop.hive.ql.io.parquet.serde.ParquetHiveSerDe
                          serde: org.apache.hadoop.hive.ql.io.parquet.serde.ParquetHiveSerDe
                          name: team30_projectdb.stage4_model_evaluation
                      TotalFiles: 1
                      GatherStats: true
                      MultiFileSpray: false
            Path -> Alias:
              hdfs://hadoop-02.uni.innopolis.ru:8020/user/team30/project/output/evaluation [stage3_model_evaluation_ext]
            Path -> Partition:
              hdfs://hadoop-02.uni.innopolis.ru:8020/user/team30/project/output/evaluation 
                Partition
                  base file name: evaluation
                  input format: org.apache.hadoop.mapred.TextInputFormat
                  output format: org.apache.hadoop.hive.ql.io.HiveIgnoreKeyTextOutputFormat
                  properties:
                    EXTERNAL TRUE
                    bucket_count -1
                    bucketing_version 2
                    column.name.delimiter ,
                    columns model,accuracy,model_precision,recall,f1_score
                    columns.comments 
                    columns.types string:double:double:double:double
                    field.delim ,
                    file.inputformat org.apache.hadoop.mapred.TextInputFormat
                    file.outputformat org.apache.hadoop.hive.ql.io.HiveIgnoreKeyTextOutputFormat
                    location hdfs://hadoop-02.uni.innopolis.ru:8020/user/team30/project/output/evaluation
                    name team30_projectdb.stage3_model_evaluation_ext
                    numFiles 1
                    serialization.ddl struct stage3_model_evaluation_ext { string model, double accuracy, double model_precision, double recall, double f1_score}
                    serialization.format ,
                    serialization.lib org.apache.hadoop.hive.serde2.lazy.LazySimpleSerDe
                    skip.header.line.count 1
                    totalSize 227
                    transient_lastDdlTime 1778312210
                  serde: org.apache.hadoop.hive.serde2.lazy.LazySimpleSerDe
                
                    input format: org.apache.hadoop.mapred.TextInputFormat
                    output format: org.apache.hadoop.hive.ql.io.HiveIgnoreKeyTextOutputFormat
                    properties:
                      EXTERNAL TRUE
                      bucket_count -1
                      bucketing_version 2
                      column.name.delimiter ,
                      columns model,accuracy,model_precision,recall,f1_score
                      columns.comments 
                      columns.types string:double:double:double:double
                      field.delim ,
                      file.inputformat org.apache.hadoop.mapred.TextInputFormat
                      file.outputformat org.apache.hadoop.hive.ql.io.HiveIgnoreKeyTextOutputFormat
                      location hdfs://hadoop-02.uni.innopolis.ru:8020/user/team30/project/output/evaluation
                      name team30_projectdb.stage3_model_evaluation_ext
                      numFiles 1
                      serialization.ddl struct stage3_model_evaluation_ext { string model, double accuracy, double model_precision, double recall, double f1_score}
                      serialization.format ,
                      serialization.lib org.apache.hadoop.hive.serde2.lazy.LazySimpleSerDe
                      skip.header.line.count 1
                      totalSize 227
                      transient_lastDdlTime 1778312210
                    serde: org.apache.hadoop.hive.serde2.lazy.LazySimpleSerDe
                    name: team30_projectdb.stage3_model_evaluation_ext
                  name: team30_projectdb.stage3_model_evaluation_ext
            Truncated Path -> Alias:
              hdfs://hadoop-02.uni.innopolis.ru:8020/user/team30/project/output/evaluation [stage3_model_evaluation_ext]

  Stage: Stage-2
    Dependency Collection

  Stage: Stage-4
      Create Table Operator:
        Create Table
          columns: model string, accuracy double, model_precision double, recall double, f1_score double
          input format: org.apache.hadoop.hive.ql.io.parquet.MapredParquetInputFormat
          output format: org.apache.hadoop.hive.ql.io.parquet.MapredParquetOutputFormat
          serde name: org.apache.hadoop.hive.ql.io.parquet.serde.ParquetHiveSerDe
          name: team30_projectdb.stage4_model_evaluation

  Stage: Stage-3
    Stats Work
      Basic Stats Work:
          Stats Aggregation Key Prefix: hdfs://hadoop-02.uni.innopolis.ru:8020/user/team30/project/hive/warehouse/.hive-staging_hive_2026-05-09_10-36-51_132_3902438018356496424-701/-ext-10002/

  Stage: Stage-0
    Move Operator
      files:
          hdfs directory: true
          source: hdfs://hadoop-02.uni.innopolis.ru:8020/user/team30/project/hive/warehouse/.hive-staging_hive_2026-05-09_10-36-51_132_3902438018356496424-701/-ext-10002
          destination: hdfs://hadoop-02.uni.innopolis.ru:8020/user/team30/project/hive/warehouse/stage4_model_evaluation


INFO  : Completed compiling command(queryId=hive_20260509103651_fe7d4bdc-4374-44c3-8dba-e8628d5df2fd); Time taken: 0.104 seconds
INFO  : Executing command(queryId=hive_20260509103651_fe7d4bdc-4374-44c3-8dba-e8628d5df2fd): CREATE TABLE stage4_model_evaluation
STORED AS PARQUET
AS
SELECT
model,
accuracy,
model_precision,
recall,
f1_score
FROM stage3_model_evaluation_ext
INFO  : Query ID = hive_20260509103651_fe7d4bdc-4374-44c3-8dba-e8628d5df2fd
INFO  : Total jobs = 1
INFO  : Launching Job 1 out of 1
INFO  : Starting task [Stage-1:MAPRED] in serial mode
INFO  : Subscribed to counters: [] for queryId: hive_20260509103651_fe7d4bdc-4374-44c3-8dba-e8628d5df2fd
INFO  : Tez session hasn't been created yet. Opening session
INFO  : Dag name: CREATE TABLE stage4_m...model_evaluation_ext (Stage-1)
INFO  : Status: Running (Executing on YARN cluster with App id application_1777989965680_2044)

[2K----------------------------------------------------------------------------------------------
[2K[36;1m        VERTICES      MODE        STATUS  TOTAL  COMPLETED  RUNNING  PENDING  FAILED  KILLED  
[22;0m[2K----------------------------------------------------------------------------------------------
[2KMap 1            container        INITED      1          0        0        1       0       0  
[2K----------------------------------------------------------------------------------------------
[2K[31;1mVERTICES: 00/01  [>>--------------------------] 0%    ELAPSED TIME: 1.29 s     
[22;0m[2K----------------------------------------------------------------------------------------------
[7A[2K----------------------------------------------------------------------------------------------
[2K[36;1m        VERTICES      MODE        STATUS  TOTAL  COMPLETED  RUNNING  PENDING  FAILED  KILLED  
[22;0m[2K----------------------------------------------------------------------------------------------
[2KMap 1            container        INITED      1          0        0        1       0       0  
[2K----------------------------------------------------------------------------------------------
[2K[31;1mVERTICES: 00/01  [>>--------------------------] 0%    ELAPSED TIME: 1.79 s     
[22;0m[2K----------------------------------------------------------------------------------------------
[7A[2K----------------------------------------------------------------------------------------------
[2K[36;1m        VERTICES      MODE        STATUS  TOTAL  COMPLETED  RUNNING  PENDING  FAILED  KILLED  
[22;0m[2K----------------------------------------------------------------------------------------------
[2KMap 1            container        INITED      1          0        0        1       0       0  
[2K----------------------------------------------------------------------------------------------
[2K[31;1mVERTICES: 00/01  [>>--------------------------] 0%    ELAPSED TIME: 2.29 s     
[22;0m[2K----------------------------------------------------------------------------------------------
[7A[2K----------------------------------------------------------------------------------------------
[2K[36;1m        VERTICES      MODE        STATUS  TOTAL  COMPLETED  RUNNING  PENDING  FAILED  KILLED  
[22;0m[2K----------------------------------------------------------------------------------------------
[2KMap 1            container       RUNNING      1          0        1        0       0       0  
[2K----------------------------------------------------------------------------------------------
[2K[31;1mVERTICES: 00/01  [>>--------------------------] 0%    ELAPSED TIME: 2.79 s     
[22;0m[2K----------------------------------------------------------------------------------------------
[7A[2K----------------------------------------------------------------------------------------------
[2K[36;1m        VERTICES      MODE        STATUS  TOTAL  COMPLETED  RUNNING  PENDING  FAILED  KILLED  
[22;0m[2K----------------------------------------------------------------------------------------------
[2KMap 1            container       RUNNING      1          0        1        0       0       0  
[2K----------------------------------------------------------------------------------------------
[2K[31;1mVERTICES: 00/01  [>>--------------------------] 0%    ELAPSED TIME: 3.30 s     
[22;0m[2K----------------------------------------------------------------------------------------------
[7A[2K----------------------------------------------------------------------------------------------
[2K[36;1m        VERTICES      MODE        STATUS  TOTAL  COMPLETED  RUNNING  PENDING  FAILED  KILLED  
[22;0m[2K----------------------------------------------------------------------------------------------
[2KMap 1 .......... container     SUCCEEDED      1          1        0        0       0       0  
[2K----------------------------------------------------------------------------------------------
[2K[31;1mVERTICES: 01/01  [==========================>>] 100%  ELAPSED TIME: 3.59 s     
[22;0m[2K----------------------------------------------------------------------------------------------
INFO  : Starting task [Stage-2:DEPENDENCY_COLLECTION] in serial mode
INFO  : Starting task [Stage-0:MOVE] in serial mode
INFO  : Moving data to directory hdfs://hadoop-02.uni.innopolis.ru:8020/user/team30/project/hive/warehouse/stage4_model_evaluation from hdfs://hadoop-02.uni.innopolis.ru:8020/user/team30/project/hive/warehouse/.hive-staging_hive_2026-05-09_10-36-51_132_3902438018356496424-701/-ext-10002
INFO  : Starting task [Stage-4:DDL] in serial mode
INFO  : Starting task [Stage-3:STATS] in serial mode
INFO  : Completed executing command(queryId=hive_20260509103651_fe7d4bdc-4374-44c3-8dba-e8628d5df2fd); Time taken: 7.383 seconds
INFO  : OK
No rows affected (7.513 seconds)
INFO  : Compiling command(queryId=hive_20260509103658_39bb1cf4-155d-49d6-8a3b-d296158b9778): DROP TABLE IF EXISTS stage4_prediction_counts
INFO  : Semantic Analysis Completed (retrial = false)
INFO  : Returning Hive schema: Schema(fieldSchemas:null, properties:null)
INFO  : EXPLAIN output for queryid hive_20260509103658_39bb1cf4-155d-49d6-8a3b-d296158b9778 : STAGE DEPENDENCIES:
  Stage-0 is a root stage [DDL]

STAGE PLANS:
  Stage: Stage-0
      Drop Table Operator:
        Drop Table
          table: stage4_prediction_counts


INFO  : Completed compiling command(queryId=hive_20260509103658_39bb1cf4-155d-49d6-8a3b-d296158b9778); Time taken: 0.028 seconds
INFO  : Executing command(queryId=hive_20260509103658_39bb1cf4-155d-49d6-8a3b-d296158b9778): DROP TABLE IF EXISTS stage4_prediction_counts
INFO  : Starting task [Stage-0:DDL] in serial mode
INFO  : Completed executing command(queryId=hive_20260509103658_39bb1cf4-155d-49d6-8a3b-d296158b9778); Time taken: 0.003 seconds
INFO  : OK
No rows affected (0.057 seconds)
INFO  : Compiling command(queryId=hive_20260509103658_c622e8ca-ffe1-43cb-8434-74caaed04706): CREATE TABLE stage4_prediction_counts
STORED AS PARQUET
AS
SELECT
'Random Forest' AS model,
label,
prediction,
COUNT(*) AS row_count
FROM stage3_model1_predictions_ext
GROUP BY label, prediction
UNION ALL
SELECT
'Logistic Regression' AS model,
label,
prediction,
COUNT(*) AS row_count
FROM stage3_model2_predictions_ext
GROUP BY label, prediction
INFO  : Semantic Analysis Completed (retrial = false)
INFO  : Returning Hive schema: Schema(fieldSchemas:[FieldSchema(name:model, type:string, comment:null), FieldSchema(name:label, type:double, comment:null), FieldSchema(name:prediction, type:double, comment:null), FieldSchema(name:row_count, type:bigint, comment:null)], properties:null)
INFO  : EXPLAIN output for queryid hive_20260509103658_c622e8ca-ffe1-43cb-8434-74caaed04706 : STAGE DEPENDENCIES:
  Stage-1 is a root stage [MAPRED]
  Stage-2 depends on stages: Stage-1 [DEPENDENCY_COLLECTION]
  Stage-4 depends on stages: Stage-2, Stage-0 [DDL]
  Stage-3 depends on stages: Stage-4 [STATS]
  Stage-0 depends on stages: Stage-1 [MOVE]

STAGE PLANS:
  Stage: Stage-1
    Tez
      DagId: hive_20260509103658_c622e8ca-ffe1-43cb-8434-74caaed04706:1891
      Edges:
        Reducer 2 <- Map 1 (SIMPLE_EDGE), Union 3 (CONTAINS)
        Reducer 5 <- Map 4 (SIMPLE_EDGE), Union 3 (CONTAINS)
      DagName: hive_20260509103658_c622e8ca-ffe1-43cb-8434-74caaed04706:1891
      Vertices:
        Map 1 
            Map Operator Tree:
                TableScan
                  alias: stage3_model1_predictions_ext
                  Statistics: Num rows: 4001686 Data size: 800337216 Basic stats: COMPLETE Column stats: NONE
                  GatherStats: false
                  Select Operator
                    expressions: label (type: double), prediction (type: double)
                    outputColumnNames: label, prediction
                    Statistics: Num rows: 4001686 Data size: 800337216 Basic stats: COMPLETE Column stats: NONE
                    Group By Operator
                      aggregations: count()
                      keys: label (type: double), prediction (type: double)
                      mode: hash
                      outputColumnNames: _col0, _col1, _col2
                      Statistics: Num rows: 4001686 Data size: 800337216 Basic stats: COMPLETE Column stats: NONE
                      Reduce Output Operator
                        key expressions: _col0 (type: double), _col1 (type: double)
                        null sort order: aa
                        sort order: ++
                        Map-reduce partition columns: _col0 (type: double), _col1 (type: double)
                        Statistics: Num rows: 4001686 Data size: 800337216 Basic stats: COMPLETE Column stats: NONE
                        tag: -1
                        value expressions: _col2 (type: bigint)
                        auto parallelism: true
            Path -> Alias:
              hdfs://hadoop-02.uni.innopolis.ru:8020/user/team30/project/output/model1_predictions [stage3_model1_predictions_ext]
            Path -> Partition:
              hdfs://hadoop-02.uni.innopolis.ru:8020/user/team30/project/output/model1_predictions 
                Partition
                  base file name: model1_predictions
                  input format: org.apache.hadoop.mapred.TextInputFormat
                  output format: org.apache.hadoop.hive.ql.io.HiveIgnoreKeyTextOutputFormat
                  properties:
                    EXTERNAL TRUE
                    bucket_count -1
                    bucketing_version 2
                    column.name.delimiter ,
                    columns label,prediction
                    columns.comments 
                    columns.types double:double
                    field.delim ,
                    file.inputformat org.apache.hadoop.mapred.TextInputFormat
                    file.outputformat org.apache.hadoop.hive.ql.io.HiveIgnoreKeyTextOutputFormat
                    location hdfs://hadoop-02.uni.innopolis.ru:8020/user/team30/project/output/model1_predictions
                    name team30_projectdb.stage3_model1_predictions_ext
                    numFiles 1
                    serialization.ddl struct stage3_model1_predictions_ext { double label, double prediction}
                    serialization.format ,
                    serialization.lib org.apache.hadoop.hive.serde2.lazy.LazySimpleSerDe
                    skip.header.line.count 1
                    totalSize 80033721
                    transient_lastDdlTime 1778312210
                  serde: org.apache.hadoop.hive.serde2.lazy.LazySimpleSerDe
                
                    input format: org.apache.hadoop.mapred.TextInputFormat
                    output format: org.apache.hadoop.hive.ql.io.HiveIgnoreKeyTextOutputFormat
                    properties:
                      EXTERNAL TRUE
                      bucket_count -1
                      bucketing_version 2
                      column.name.delimiter ,
                      columns label,prediction
                      columns.comments 
                      columns.types double:double
                      field.delim ,
                      file.inputformat org.apache.hadoop.mapred.TextInputFormat
                      file.outputformat org.apache.hadoop.hive.ql.io.HiveIgnoreKeyTextOutputFormat
                      location hdfs://hadoop-02.uni.innopolis.ru:8020/user/team30/project/output/model1_predictions
                      name team30_projectdb.stage3_model1_predictions_ext
                      numFiles 1
                      serialization.ddl struct stage3_model1_predictions_ext { double label, double prediction}
                      serialization.format ,
                      serialization.lib org.apache.hadoop.hive.serde2.lazy.LazySimpleSerDe
                      skip.header.line.count 1
                      totalSize 80033721
                      transient_lastDdlTime 1778312210
                    serde: org.apache.hadoop.hive.serde2.lazy.LazySimpleSerDe
                    name: team30_projectdb.stage3_model1_predictions_ext
                  name: team30_projectdb.stage3_model1_predictions_ext
            Truncated Path -> Alias:
              hdfs://hadoop-02.uni.innopolis.ru:8020/user/team30/project/output/model1_predictions [stage3_model1_predictions_ext]
        Map 4 
            Map Operator Tree:
                TableScan
                  alias: stage3_model2_predictions_ext
                  Statistics: Num rows: 4001686 Data size: 800337216 Basic stats: COMPLETE Column stats: NONE
                  GatherStats: false
                  Select Operator
                    expressions: label (type: double), prediction (type: double)
                    outputColumnNames: label, prediction
                    Statistics: Num rows: 4001686 Data size: 800337216 Basic stats: COMPLETE Column stats: NONE
                    Group By Operator
                      aggregations: count()
                      keys: label (type: double), prediction (type: double)
                      mode: hash
                      outputColumnNames: _col0, _col1, _col2
                      Statistics: Num rows: 4001686 Data size: 800337216 Basic stats: COMPLETE Column stats: NONE
                      Reduce Output Operator
                        key expressions: _col0 (type: double), _col1 (type: double)
                        null sort order: aa
                        sort order: ++
                        Map-reduce partition columns: _col0 (type: double), _col1 (type: double)
                        Statistics: Num rows: 4001686 Data size: 800337216 Basic stats: COMPLETE Column stats: NONE
                        tag: -1
                        value expressions: _col2 (type: bigint)
                        auto parallelism: true
            Path -> Alias:
              hdfs://hadoop-02.uni.innopolis.ru:8020/user/team30/project/output/model2_predictions [stage3_model2_predictions_ext]
            Path -> Partition:
              hdfs://hadoop-02.uni.innopolis.ru:8020/user/team30/project/output/model2_predictions 
                Partition
                  base file name: model2_predictions
                  input format: org.apache.hadoop.mapred.TextInputFormat
                  output format: org.apache.hadoop.hive.ql.io.HiveIgnoreKeyTextOutputFormat
                  properties:
                    EXTERNAL TRUE
                    bucket_count -1
                    bucketing_version 2
                    column.name.delimiter ,
                    columns label,prediction
                    columns.comments 
                    columns.types double:double
                    field.delim ,
                    file.inputformat org.apache.hadoop.mapred.TextInputFormat
                    file.outputformat org.apache.hadoop.hive.ql.io.HiveIgnoreKeyTextOutputFormat
                    location hdfs://hadoop-02.uni.innopolis.ru:8020/user/team30/project/output/model2_predictions
                    name team30_projectdb.stage3_model2_predictions_ext
                    numFiles 1
                    serialization.ddl struct stage3_model2_predictions_ext { double label, double prediction}
                    serialization.format ,
                    serialization.lib org.apache.hadoop.hive.serde2.lazy.LazySimpleSerDe
                    skip.header.line.count 1
                    totalSize 80033721
                    transient_lastDdlTime 1778312210
                  serde: org.apache.hadoop.hive.serde2.lazy.LazySimpleSerDe
                
                    input format: org.apache.hadoop.mapred.TextInputFormat
                    output format: org.apache.hadoop.hive.ql.io.HiveIgnoreKeyTextOutputFormat
                    properties:
                      EXTERNAL TRUE
                      bucket_count -1
                      bucketing_version 2
                      column.name.delimiter ,
                      columns label,prediction
                      columns.comments 
                      columns.types double:double
                      field.delim ,
                      file.inputformat org.apache.hadoop.mapred.TextInputFormat
                      file.outputformat org.apache.hadoop.hive.ql.io.HiveIgnoreKeyTextOutputFormat
                      location hdfs://hadoop-02.uni.innopolis.ru:8020/user/team30/project/output/model2_predictions
                      name team30_projectdb.stage3_model2_predictions_ext
                      numFiles 1
                      serialization.ddl struct stage3_model2_predictions_ext { double label, double prediction}
                      serialization.format ,
                      serialization.lib org.apache.hadoop.hive.serde2.lazy.LazySimpleSerDe
                      skip.header.line.count 1
                      totalSize 80033721
                      transient_lastDdlTime 1778312210
                    serde: org.apache.hadoop.hive.serde2.lazy.LazySimpleSerDe
                    name: team30_projectdb.stage3_model2_predictions_ext
                  name: team30_projectdb.stage3_model2_predictions_ext
            Truncated Path -> Alias:
              hdfs://hadoop-02.uni.innopolis.ru:8020/user/team30/project/output/model2_predictions [stage3_model2_predictions_ext]
        Reducer 2 
            Needs Tagging: false
            Reduce Operator Tree:
              Group By Operator
                aggregations: count(VALUE._col0)
                keys: KEY._col0 (type: double), KEY._col1 (type: double)
                mode: mergepartial
                outputColumnNames: _col0, _col1, _col2
                Statistics: Num rows: 2000843 Data size: 400168608 Basic stats: COMPLETE Column stats: NONE
                Select Operator
                  expressions: 'Random Forest' (type: string), _col0 (type: double), _col1 (type: double), _col2 (type: bigint)
                  outputColumnNames: _col0, _col1, _col2, _col3
                  Statistics: Num rows: 2000843 Data size: 400168608 Basic stats: COMPLETE Column stats: NONE
                  File Output Operator
                    compressed: false
                    GlobalTableId: 1
                    directory: hdfs://hadoop-02.uni.innopolis.ru:8020/user/team30/project/hive/warehouse/.hive-staging_hive_2026-05-09_10-36-58_803_7598666459068626807-701/-ext-10002/HIVE_UNION_SUBDIR_1
                    NumFilesPerFileSink: 1
                    Statistics: Num rows: 4001686 Data size: 800337216 Basic stats: COMPLETE Column stats: NONE
                    Stats Publishing Key Prefix: hdfs://hadoop-02.uni.innopolis.ru:8020/user/team30/project/hive/warehouse/.hive-staging_hive_2026-05-09_10-36-58_803_7598666459068626807-701/-ext-10002/
                    table:
                        input format: org.apache.hadoop.hive.ql.io.parquet.MapredParquetInputFormat
                        output format: org.apache.hadoop.hive.ql.io.parquet.MapredParquetOutputFormat
                        properties:
                          columns model,label,prediction,row_count
                          columns.types string:double:double:bigint
                          name team30_projectdb.stage4_prediction_counts
                          serialization.format 1
                          serialization.lib org.apache.hadoop.hive.ql.io.parquet.serde.ParquetHiveSerDe
                        serde: org.apache.hadoop.hive.ql.io.parquet.serde.ParquetHiveSerDe
                        name: team30_projectdb.stage4_prediction_counts
                    TotalFiles: 1
                    GatherStats: true
                    MultiFileSpray: false
        Reducer 5 
            Needs Tagging: false
            Reduce Operator Tree:
              Group By Operator
                aggregations: count(VALUE._col0)
                keys: KEY._col0 (type: double), KEY._col1 (type: double)
                mode: mergepartial
                outputColumnNames: _col0, _col1, _col2
                Statistics: Num rows: 2000843 Data size: 400168608 Basic stats: COMPLETE Column stats: NONE
                Select Operator
                  expressions: 'Logistic Regression' (type: string), _col0 (type: double), _col1 (type: double), _col2 (type: bigint)
                  outputColumnNames: _col0, _col1, _col2, _col3
                  Statistics: Num rows: 2000843 Data size: 400168608 Basic stats: COMPLETE Column stats: NONE
                  File Output Operator
                    compressed: false
                    GlobalTableId: 1
                    directory: hdfs://hadoop-02.uni.innopolis.ru:8020/user/team30/project/hive/warehouse/.hive-staging_hive_2026-05-09_10-36-58_803_7598666459068626807-701/-ext-10002/HIVE_UNION_SUBDIR_2
                    NumFilesPerFileSink: 1
                    Statistics: Num rows: 4001686 Data size: 800337216 Basic stats: COMPLETE Column stats: NONE
                    Stats Publishing Key Prefix: hdfs://hadoop-02.uni.innopolis.ru:8020/user/team30/project/hive/warehouse/.hive-staging_hive_2026-05-09_10-36-58_803_7598666459068626807-701/-ext-10002/
                    table:
                        input format: org.apache.hadoop.hive.ql.io.parquet.MapredParquetInputFormat
                        output format: org.apache.hadoop.hive.ql.io.parquet.MapredParquetOutputFormat
                        properties:
                          columns model,label,prediction,row_count
                          columns.types string:double:double:bigint
                          name team30_projectdb.stage4_prediction_counts
                          serialization.format 1
                          serialization.lib org.apache.hadoop.hive.ql.io.parquet.serde.ParquetHiveSerDe
                        serde: org.apache.hadoop.hive.ql.io.parquet.serde.ParquetHiveSerDe
                        name: team30_projectdb.stage4_prediction_counts
                    TotalFiles: 1
                    GatherStats: true
                    MultiFileSpray: false
        Union 3 
            Vertex: Union 3

  Stage: Stage-2
    Dependency Collection

  Stage: Stage-4
      Create Table Operator:
        Create Table
          columns: model string, label double, prediction double, row_count bigint
          input format: org.apache.hadoop.hive.ql.io.parquet.MapredParquetInputFormat
          output format: org.apache.hadoop.hive.ql.io.parquet.MapredParquetOutputFormat
          serde name: org.apache.hadoop.hive.ql.io.parquet.serde.ParquetHiveSerDe
          name: team30_projectdb.stage4_prediction_counts

  Stage: Stage-3
    Stats Work
      Basic Stats Work:
          Stats Aggregation Key Prefix: hdfs://hadoop-02.uni.innopolis.ru:8020/user/team30/project/hive/warehouse/.hive-staging_hive_2026-05-09_10-36-58_803_7598666459068626807-701/-ext-10002/

  Stage: Stage-0
    Move Operator
      files:
          hdfs directory: true
          source: hdfs://hadoop-02.uni.innopolis.ru:8020/user/team30/project/hive/warehouse/.hive-staging_hive_2026-05-09_10-36-58_803_7598666459068626807-701/-ext-10002
          destination: hdfs://hadoop-02.uni.innopolis.ru:8020/user/team30/project/hive/warehouse/stage4_prediction_counts


INFO  : Completed compiling command(queryId=hive_20260509103658_c622e8ca-ffe1-43cb-8434-74caaed04706); Time taken: 0.127 seconds
INFO  : Executing command(queryId=hive_20260509103658_c622e8ca-ffe1-43cb-8434-74caaed04706): CREATE TABLE stage4_prediction_counts
STORED AS PARQUET
AS
SELECT
'Random Forest' AS model,
label,
prediction,
COUNT(*) AS row_count
FROM stage3_model1_predictions_ext
GROUP BY label, prediction
UNION ALL
SELECT
'Logistic Regression' AS model,
label,
prediction,
COUNT(*) AS row_count
FROM stage3_model2_predictions_ext
GROUP BY label, prediction
INFO  : Query ID = hive_20260509103658_c622e8ca-ffe1-43cb-8434-74caaed04706
INFO  : Total jobs = 1
INFO  : Launching Job 1 out of 1
INFO  : Starting task [Stage-1:MAPRED] in serial mode
INFO  : Subscribed to counters: [] for queryId: hive_20260509103658_c622e8ca-ffe1-43cb-8434-74caaed04706
INFO  : Session is already open
INFO  : Dag name: CREATE TABLE stage4_prediction_...prediction (Stage-1)
INFO  : Status: Running (Executing on YARN cluster with App id application_1777989965680_2044)

[2K----------------------------------------------------------------------------------------------
[2K[36;1m        VERTICES      MODE        STATUS  TOTAL  COMPLETED  RUNNING  PENDING  FAILED  KILLED  
[22;0m[2K----------------------------------------------------------------------------------------------
[2KMap 1            container       RUNNING      1          0        1        0       0       0  
Reducer 2        container        INITED      4          0        0        4       0       0  
Map 4            container        INITED      1          0        0        1       0       0  
Reducer 5        container        INITED      4          0        0        4       0       0  
[2K----------------------------------------------------------------------------------------------
[2K[31;1mVERTICES: 00/04  [>>--------------------------] 0%    ELAPSED TIME: 1.32 s     
[22;0m[2K----------------------------------------------------------------------------------------------
[10A[2K----------------------------------------------------------------------------------------------
[2K[36;1m        VERTICES      MODE        STATUS  TOTAL  COMPLETED  RUNNING  PENDING  FAILED  KILLED  
[22;0m[2K----------------------------------------------------------------------------------------------
[2KMap 1            container       RUNNING      1          0        1        0       0       0  
Reducer 2        container        INITED      4          0        0        4       0       0  
Map 4            container        INITED      1          0        0        1       0       0  
Reducer 5        container        INITED      4          0        0        4       0       0  
[2K----------------------------------------------------------------------------------------------
[2K[31;1mVERTICES: 00/04  [>>--------------------------] 0%    ELAPSED TIME: 1.83 s     
[22;0m[2K----------------------------------------------------------------------------------------------
[10A[2K----------------------------------------------------------------------------------------------
[2K[36;1m        VERTICES      MODE        STATUS  TOTAL  COMPLETED  RUNNING  PENDING  FAILED  KILLED  
[22;0m[2K----------------------------------------------------------------------------------------------
[2KMap 1            container       RUNNING      1          0        1        0       0       0  
Reducer 2        container        INITED      4          0        0        4       0       0  
Map 4            container        INITED      1          0        0        1       0       0  
Reducer 5        container        INITED      4          0        0        4       0       0  
[2K----------------------------------------------------------------------------------------------
[2K[31;1mVERTICES: 00/04  [>>--------------------------] 0%    ELAPSED TIME: 2.33 s     
[22;0m[2K----------------------------------------------------------------------------------------------
[10A[2K----------------------------------------------------------------------------------------------
[2K[36;1m        VERTICES      MODE        STATUS  TOTAL  COMPLETED  RUNNING  PENDING  FAILED  KILLED  
[22;0m[2K----------------------------------------------------------------------------------------------
[2KMap 1            container       RUNNING      1          0        1        0       0       0  
Reducer 2        container        INITED      4          0        0        4       0       0  
Map 4            container       RUNNING      1          0        1        0       0       0  
Reducer 5        container        INITED      4          0        0        4       0       0  
[2K----------------------------------------------------------------------------------------------
[2K[31;1mVERTICES: 00/04  [>>--------------------------] 0%    ELAPSED TIME: 2.83 s     
[22;0m[2K----------------------------------------------------------------------------------------------
[10A[2K----------------------------------------------------------------------------------------------
[2K[36;1m        VERTICES      MODE        STATUS  TOTAL  COMPLETED  RUNNING  PENDING  FAILED  KILLED  
[22;0m[2K----------------------------------------------------------------------------------------------
[2KMap 1            container       RUNNING      1          0        1        0       0       0  
Reducer 2        container        INITED      4          0        0        4       0       0  
Map 4            container       RUNNING      1          0        1        0       0       0  
Reducer 5        container        INITED      4          0        0        4       0       0  
[2K----------------------------------------------------------------------------------------------
[2K[31;1mVERTICES: 00/04  [>>--------------------------] 0%    ELAPSED TIME: 3.33 s     
[22;0m[2K----------------------------------------------------------------------------------------------
[10A[2K----------------------------------------------------------------------------------------------
[2K[36;1m        VERTICES      MODE        STATUS  TOTAL  COMPLETED  RUNNING  PENDING  FAILED  KILLED  
[22;0m[2K----------------------------------------------------------------------------------------------
[2KMap 1            container       RUNNING      1          0        1        0       0       0  
Reducer 2        container        INITED      4          0        0        4       0       0  
Map 4            container       RUNNING      1          0        1        0       0       0  
Reducer 5        container        INITED      4          0        0        4       0       0  
[2K----------------------------------------------------------------------------------------------
[2K[31;1mVERTICES: 00/04  [>>--------------------------] 0%    ELAPSED TIME: 3.84 s     
[22;0m[2K----------------------------------------------------------------------------------------------
[10A[2K----------------------------------------------------------------------------------------------
[2K[36;1m        VERTICES      MODE        STATUS  TOTAL  COMPLETED  RUNNING  PENDING  FAILED  KILLED  
[22;0m[2K----------------------------------------------------------------------------------------------
[2KMap 1            container       RUNNING      1          0        1        0       0       0  
Reducer 2        container        INITED      4          0        0        4       0       0  
Map 4            container       RUNNING      1          0        1        0       0       0  
Reducer 5        container        INITED      4          0        0        4       0       0  
[2K----------------------------------------------------------------------------------------------
[2K[31;1mVERTICES: 00/04  [>>--------------------------] 0%    ELAPSED TIME: 4.34 s     
[22;0m[2K----------------------------------------------------------------------------------------------
[10A[2K----------------------------------------------------------------------------------------------
[2K[36;1m        VERTICES      MODE        STATUS  TOTAL  COMPLETED  RUNNING  PENDING  FAILED  KILLED  
[22;0m[2K----------------------------------------------------------------------------------------------
[2KMap 1            container       RUNNING      1          0        1        0       0       0  
Reducer 2        container        INITED      4          0        0        4       0       0  
Map 4            container       RUNNING      1          0        1        0       0       0  
Reducer 5        container        INITED      4          0        0        4       0       0  
[2K----------------------------------------------------------------------------------------------
[2K[31;1mVERTICES: 00/04  [>>--------------------------] 0%    ELAPSED TIME: 4.84 s     
[22;0m[2K----------------------------------------------------------------------------------------------
[10A[2K----------------------------------------------------------------------------------------------
[2K[36;1m        VERTICES      MODE        STATUS  TOTAL  COMPLETED  RUNNING  PENDING  FAILED  KILLED  
[22;0m[2K----------------------------------------------------------------------------------------------
[2KMap 1            container       RUNNING      1          0        1        0       0       0  
Reducer 2        container        INITED      4          0        0        4       0       0  
Map 4            container       RUNNING      1          0        1        0       0       0  
Reducer 5        container        INITED      4          0        0        4       0       0  
[2K----------------------------------------------------------------------------------------------
[2K[31;1mVERTICES: 00/04  [>>--------------------------] 0%    ELAPSED TIME: 5.34 s     
[22;0m[2K----------------------------------------------------------------------------------------------
[10A[2K----------------------------------------------------------------------------------------------
[2K[36;1m        VERTICES      MODE        STATUS  TOTAL  COMPLETED  RUNNING  PENDING  FAILED  KILLED  
[22;0m[2K----------------------------------------------------------------------------------------------
[2KMap 1            container       RUNNING      1          0        1        0       0       0  
Reducer 2        container        INITED      4          0        0        4       0       0  
Map 4            container       RUNNING      1          0        1        0       0       0  
Reducer 5        container        INITED      4          0        0        4       0       0  
[2K----------------------------------------------------------------------------------------------
[2K[31;1mVERTICES: 00/04  [>>--------------------------] 0%    ELAPSED TIME: 5.84 s     
[22;0m[2K----------------------------------------------------------------------------------------------
[10A[2K----------------------------------------------------------------------------------------------
[2K[36;1m        VERTICES      MODE        STATUS  TOTAL  COMPLETED  RUNNING  PENDING  FAILED  KILLED  
[22;0m[2K----------------------------------------------------------------------------------------------
[2KMap 1            container       RUNNING      1          0        1        0       0       0  
Reducer 2        container        INITED      4          0        0        4       0       0  
Map 4            container       RUNNING      1          0        1        0       0       0  
Reducer 5        container        INITED      4          0        0        4       0       0  
[2K----------------------------------------------------------------------------------------------
[2K[31;1mVERTICES: 00/04  [>>--------------------------] 0%    ELAPSED TIME: 6.34 s     
[22;0m[2K----------------------------------------------------------------------------------------------
[10A[2K----------------------------------------------------------------------------------------------
[2K[36;1m        VERTICES      MODE        STATUS  TOTAL  COMPLETED  RUNNING  PENDING  FAILED  KILLED  
[22;0m[2K----------------------------------------------------------------------------------------------
[2KMap 1 .......... container     SUCCEEDED      1          1        0        0       0       0  
Reducer 2        container        INITED      4          0        0        4       0       0  
Map 4            container       RUNNING      1          0        1        0       0       0  
Reducer 5        container        INITED      4          0        0        4       0       0  
[2K----------------------------------------------------------------------------------------------
[2K[31;1mVERTICES: 01/04  [==>>------------------------] 10%   ELAPSED TIME: 6.85 s     
[22;0m[2K----------------------------------------------------------------------------------------------
[10A[2K----------------------------------------------------------------------------------------------
[2K[36;1m        VERTICES      MODE        STATUS  TOTAL  COMPLETED  RUNNING  PENDING  FAILED  KILLED  
[22;0m[2K----------------------------------------------------------------------------------------------
[2KMap 1 .......... container     SUCCEEDED      1          1        0        0       0       0  
Reducer 2 ...... container     SUCCEEDED      4          4        0        0       0       0  
Map 4            container       RUNNING      1          0        1        0       0       0  
Reducer 5        container        INITED      4          0        0        4       0       0  
[2K----------------------------------------------------------------------------------------------
[2K[31;1mVERTICES: 02/04  [=============>>-------------] 50%   ELAPSED TIME: 7.35 s     
[22;0m[2K----------------------------------------------------------------------------------------------
[10A[2K----------------------------------------------------------------------------------------------
[2K[36;1m        VERTICES      MODE        STATUS  TOTAL  COMPLETED  RUNNING  PENDING  FAILED  KILLED  
[22;0m[2K----------------------------------------------------------------------------------------------
[2KMap 1 .......... container     SUCCEEDED      1          1        0        0       0       0  
Reducer 2 ...... container     SUCCEEDED      4          4        0        0       0       0  
Map 4            container       RUNNING      1          0        1        0       0       0  
Reducer 5        container        INITED      4          0        0        4       0       0  
[2K----------------------------------------------------------------------------------------------
[2K[31;1mVERTICES: 02/04  [=============>>-------------] 50%   ELAPSED TIME: 7.86 s     
[22;0m[2K----------------------------------------------------------------------------------------------
[10A[2K----------------------------------------------------------------------------------------------
[2K[36;1m        VERTICES      MODE        STATUS  TOTAL  COMPLETED  RUNNING  PENDING  FAILED  KILLED  
[22;0m[2K----------------------------------------------------------------------------------------------
[2KMap 1 .......... container     SUCCEEDED      1          1        0        0       0       0  
Reducer 2 ...... container     SUCCEEDED      4          4        0        0       0       0  
Map 4            container       RUNNING      1          0        1        0       0       0  
Reducer 5        container        INITED      4          0        0        4       0       0  
[2K----------------------------------------------------------------------------------------------
[2K[31;1mVERTICES: 02/04  [=============>>-------------] 50%   ELAPSED TIME: 8.36 s     
[22;0m[2K----------------------------------------------------------------------------------------------
[10A[2K----------------------------------------------------------------------------------------------
[2K[36;1m        VERTICES      MODE        STATUS  TOTAL  COMPLETED  RUNNING  PENDING  FAILED  KILLED  
[22;0m[2K----------------------------------------------------------------------------------------------
[2KMap 1 .......... container     SUCCEEDED      1          1        0        0       0       0  
Reducer 2 ...... container     SUCCEEDED      4          4        0        0       0       0  
Map 4            container       RUNNING      1          0        1        0       0       0  
Reducer 5        container        INITED      4          0        0        4       0       0  
[2K----------------------------------------------------------------------------------------------
[2K[31;1mVERTICES: 02/04  [=============>>-------------] 50%   ELAPSED TIME: 8.86 s     
[22;0m[2K----------------------------------------------------------------------------------------------
[10A[2K----------------------------------------------------------------------------------------------
[2K[36;1m        VERTICES      MODE        STATUS  TOTAL  COMPLETED  RUNNING  PENDING  FAILED  KILLED  
[22;0m[2K----------------------------------------------------------------------------------------------
[2KMap 1 .......... container     SUCCEEDED      1          1        0        0       0       0  
Reducer 2 ...... container     SUCCEEDED      4          4        0        0       0       0  
Map 4            container       RUNNING      1          0        1        0       0       0  
Reducer 5        container        INITED      4          0        0        4       0       0  
[2K----------------------------------------------------------------------------------------------
[2K[31;1mVERTICES: 02/04  [=============>>-------------] 50%   ELAPSED TIME: 9.36 s     
[22;0m[2K----------------------------------------------------------------------------------------------
[10A[2K----------------------------------------------------------------------------------------------
[2K[36;1m        VERTICES      MODE        STATUS  TOTAL  COMPLETED  RUNNING  PENDING  FAILED  KILLED  
[22;0m[2K----------------------------------------------------------------------------------------------
[2KMap 1 .......... container     SUCCEEDED      1          1        0        0       0       0  
Reducer 2 ...... container     SUCCEEDED      4          4        0        0       0       0  
Map 4            container       RUNNING      1          0        1        0       0       0  
Reducer 5        container        INITED      4          0        0        4       0       0  
[2K----------------------------------------------------------------------------------------------
[2K[31;1mVERTICES: 02/04  [=============>>-------------] 50%   ELAPSED TIME: 9.86 s     
[22;0m[2K----------------------------------------------------------------------------------------------
[10A[2K----------------------------------------------------------------------------------------------
[2K[36;1m        VERTICES      MODE        STATUS  TOTAL  COMPLETED  RUNNING  PENDING  FAILED  KILLED  
[22;0m[2K----------------------------------------------------------------------------------------------
[2KMap 1 .......... container     SUCCEEDED      1          1        0        0       0       0  
Reducer 2 ...... container     SUCCEEDED      4          4        0        0       0       0  
Map 4 .......... container     SUCCEEDED      1          1        0        0       0       0  
Reducer 5 ...... container     SUCCEEDED      4          4        0        0       0       0  
[2K----------------------------------------------------------------------------------------------
[2K[31;1mVERTICES: 04/04  [==========================>>] 100%  ELAPSED TIME: 10.63 s    
[22;0m[2K----------------------------------------------------------------------------------------------
INFO  : Starting task [Stage-2:DEPENDENCY_COLLECTION] in serial mode
INFO  : Starting task [Stage-0:MOVE] in serial mode
INFO  : Moving data to directory hdfs://hadoop-02.uni.innopolis.ru:8020/user/team30/project/hive/warehouse/stage4_prediction_counts from hdfs://hadoop-02.uni.innopolis.ru:8020/user/team30/project/hive/warehouse/.hive-staging_hive_2026-05-09_10-36-58_803_7598666459068626807-701/-ext-10002
INFO  : Starting task [Stage-4:DDL] in serial mode
INFO  : Starting task [Stage-3:STATS] in serial mode
INFO  : Completed executing command(queryId=hive_20260509103658_c622e8ca-ffe1-43cb-8434-74caaed04706); Time taken: 10.797 seconds
INFO  : OK
No rows affected (10.952 seconds)
INFO  : Compiling command(queryId=hive_20260509103709_f0382085-479c-424c-81fc-45c26a8e5087): DROP TABLE IF EXISTS stage4_prediction_distribution
INFO  : Semantic Analysis Completed (retrial = false)
INFO  : Returning Hive schema: Schema(fieldSchemas:null, properties:null)
INFO  : EXPLAIN output for queryid hive_20260509103709_f0382085-479c-424c-81fc-45c26a8e5087 : STAGE DEPENDENCIES:
  Stage-0 is a root stage [DDL]

STAGE PLANS:
  Stage: Stage-0
      Drop Table Operator:
        Drop Table
          table: stage4_prediction_distribution


INFO  : Completed compiling command(queryId=hive_20260509103709_f0382085-479c-424c-81fc-45c26a8e5087); Time taken: 0.028 seconds
INFO  : Executing command(queryId=hive_20260509103709_f0382085-479c-424c-81fc-45c26a8e5087): DROP TABLE IF EXISTS stage4_prediction_distribution
INFO  : Starting task [Stage-0:DDL] in serial mode
INFO  : Completed executing command(queryId=hive_20260509103709_f0382085-479c-424c-81fc-45c26a8e5087); Time taken: 0.004 seconds
INFO  : OK
No rows affected (0.051 seconds)
INFO  : Compiling command(queryId=hive_20260509103709_d5ad8603-e4b5-42de-8143-7fe280451500): CREATE TABLE stage4_prediction_distribution
STORED AS PARQUET
AS
SELECT
model,
prediction,
SUM(row_count) AS row_count
FROM stage4_prediction_counts
GROUP BY model, prediction
INFO  : Semantic Analysis Completed (retrial = false)
INFO  : Returning Hive schema: Schema(fieldSchemas:[FieldSchema(name:model, type:string, comment:null), FieldSchema(name:prediction, type:double, comment:null), FieldSchema(name:row_count, type:bigint, comment:null)], properties:null)
INFO  : EXPLAIN output for queryid hive_20260509103709_d5ad8603-e4b5-42de-8143-7fe280451500 : STAGE DEPENDENCIES:
  Stage-1 is a root stage [MAPRED]
  Stage-2 depends on stages: Stage-1 [DEPENDENCY_COLLECTION]
  Stage-4 depends on stages: Stage-2, Stage-0 [DDL]
  Stage-3 depends on stages: Stage-4 [STATS]
  Stage-0 depends on stages: Stage-1 [MOVE]

STAGE PLANS:
  Stage: Stage-1
    Tez
      DagId: hive_20260509103709_d5ad8603-e4b5-42de-8143-7fe280451500:1892
      Edges:
        Reducer 2 <- Map 1 (SIMPLE_EDGE)
      DagName: hive_20260509103709_d5ad8603-e4b5-42de-8143-7fe280451500:1892
      Vertices:
        Map 1 
            Map Operator Tree:
                TableScan
                  alias: stage4_prediction_counts
                  Statistics: Num rows: 36 Data size: 144 Basic stats: COMPLETE Column stats: NONE
                  GatherStats: false
                  Select Operator
                    expressions: model (type: string), prediction (type: double), row_count (type: bigint)
                    outputColumnNames: model, prediction, row_count
                    Statistics: Num rows: 36 Data size: 144 Basic stats: COMPLETE Column stats: NONE
                    Group By Operator
                      aggregations: sum(row_count)
                      keys: model (type: string), prediction (type: double)
                      mode: hash
                      outputColumnNames: _col0, _col1, _col2
                      Statistics: Num rows: 36 Data size: 144 Basic stats: COMPLETE Column stats: NONE
                      Reduce Output Operator
                        key expressions: _col0 (type: string), _col1 (type: double)
                        null sort order: aa
                        sort order: ++
                        Map-reduce partition columns: _col0 (type: string), _col1 (type: double)
                        Statistics: Num rows: 36 Data size: 144 Basic stats: COMPLETE Column stats: NONE
                        tag: -1
                        value expressions: _col2 (type: bigint)
                        auto parallelism: true
            Path -> Alias:
              hdfs://hadoop-02.uni.innopolis.ru:8020/user/team30/project/hive/warehouse/stage4_prediction_counts [stage4_prediction_counts]
            Path -> Partition:
              hdfs://hadoop-02.uni.innopolis.ru:8020/user/team30/project/hive/warehouse/stage4_prediction_counts 
                Partition
                  base file name: stage4_prediction_counts
                  input format: org.apache.hadoop.hive.ql.io.parquet.MapredParquetInputFormat
                  output format: org.apache.hadoop.hive.ql.io.parquet.MapredParquetOutputFormat
                  properties:
                    COLUMN_STATS_ACCURATE {"BASIC_STATS":"true"}
                    bucket_count -1
                    bucketing_version 2
                    column.name.delimiter ,
                    columns model,label,prediction,row_count
                    columns.comments 
                    columns.types string:double:double:bigint
                    file.inputformat org.apache.hadoop.hive.ql.io.parquet.MapredParquetInputFormat
                    file.outputformat org.apache.hadoop.hive.ql.io.parquet.MapredParquetOutputFormat
                    location hdfs://hadoop-02.uni.innopolis.ru:8020/user/team30/project/hive/warehouse/stage4_prediction_counts
                    name team30_projectdb.stage4_prediction_counts
                    numFiles 8
                    numRows 36
                    rawDataSize 144
                    serialization.ddl struct stage4_prediction_counts { string model, double label, double prediction, i64 row_count}
                    serialization.format 1
                    serialization.lib org.apache.hadoop.hive.ql.io.parquet.serde.ParquetHiveSerDe
                    totalSize 9696
                    transient_lastDdlTime 1778312229
                  serde: org.apache.hadoop.hive.ql.io.parquet.serde.ParquetHiveSerDe
                
                    input format: org.apache.hadoop.hive.ql.io.parquet.MapredParquetInputFormat
                    output format: org.apache.hadoop.hive.ql.io.parquet.MapredParquetOutputFormat
                    properties:
                      COLUMN_STATS_ACCURATE {"BASIC_STATS":"true"}
                      bucket_count -1
                      bucketing_version 2
                      column.name.delimiter ,
                      columns model,label,prediction,row_count
                      columns.comments 
                      columns.types string:double:double:bigint
                      file.inputformat org.apache.hadoop.hive.ql.io.parquet.MapredParquetInputFormat
                      file.outputformat org.apache.hadoop.hive.ql.io.parquet.MapredParquetOutputFormat
                      location hdfs://hadoop-02.uni.innopolis.ru:8020/user/team30/project/hive/warehouse/stage4_prediction_counts
                      name team30_projectdb.stage4_prediction_counts
                      numFiles 8
                      numRows 36
                      rawDataSize 144
                      serialization.ddl struct stage4_prediction_counts { string model, double label, double prediction, i64 row_count}
                      serialization.format 1
                      serialization.lib org.apache.hadoop.hive.ql.io.parquet.serde.ParquetHiveSerDe
                      totalSize 9696
                      transient_lastDdlTime 1778312229
                    serde: org.apache.hadoop.hive.ql.io.parquet.serde.ParquetHiveSerDe
                    name: team30_projectdb.stage4_prediction_counts
                  name: team30_projectdb.stage4_prediction_counts
            Truncated Path -> Alias:
              hdfs://hadoop-02.uni.innopolis.ru:8020/user/team30/project/hive/warehouse/stage4_prediction_counts [stage4_prediction_counts]
        Reducer 2 
            Needs Tagging: false
            Reduce Operator Tree:
              Group By Operator
                aggregations: sum(VALUE._col0)
                keys: KEY._col0 (type: string), KEY._col1 (type: double)
                mode: mergepartial
                outputColumnNames: _col0, _col1, _col2
                Statistics: Num rows: 18 Data size: 72 Basic stats: COMPLETE Column stats: NONE
                File Output Operator
                  compressed: false
                  GlobalTableId: 1
                  directory: hdfs://hadoop-02.uni.innopolis.ru:8020/user/team30/project/hive/warehouse/.hive-staging_hive_2026-05-09_10-37-09_859_3269467535519524768-701/-ext-10002
                  NumFilesPerFileSink: 1
                  Statistics: Num rows: 18 Data size: 72 Basic stats: COMPLETE Column stats: NONE
                  Stats Publishing Key Prefix: hdfs://hadoop-02.uni.innopolis.ru:8020/user/team30/project/hive/warehouse/.hive-staging_hive_2026-05-09_10-37-09_859_3269467535519524768-701/-ext-10002/
                  table:
                      input format: org.apache.hadoop.hive.ql.io.parquet.MapredParquetInputFormat
                      output format: org.apache.hadoop.hive.ql.io.parquet.MapredParquetOutputFormat
                      properties:
                        columns model,prediction,row_count
                        columns.types string:double:bigint
                        name team30_projectdb.stage4_prediction_distribution
                        serialization.format 1
                        serialization.lib org.apache.hadoop.hive.ql.io.parquet.serde.ParquetHiveSerDe
                      serde: org.apache.hadoop.hive.ql.io.parquet.serde.ParquetHiveSerDe
                      name: team30_projectdb.stage4_prediction_distribution
                  TotalFiles: 1
                  GatherStats: true
                  MultiFileSpray: false

  Stage: Stage-2
    Dependency Collection

  Stage: Stage-4
      Create Table Operator:
        Create Table
          columns: model string, prediction double, row_count bigint
          input format: org.apache.hadoop.hive.ql.io.parquet.MapredParquetInputFormat
          output format: org.apache.hadoop.hive.ql.io.parquet.MapredParquetOutputFormat
          serde name: org.apache.hadoop.hive.ql.io.parquet.serde.ParquetHiveSerDe
          name: team30_projectdb.stage4_prediction_distribution

  Stage: Stage-3
    Stats Work
      Basic Stats Work:
          Stats Aggregation Key Prefix: hdfs://hadoop-02.uni.innopolis.ru:8020/user/team30/project/hive/warehouse/.hive-staging_hive_2026-05-09_10-37-09_859_3269467535519524768-701/-ext-10002/

  Stage: Stage-0
    Move Operator
      files:
          hdfs directory: true
          source: hdfs://hadoop-02.uni.innopolis.ru:8020/user/team30/project/hive/warehouse/.hive-staging_hive_2026-05-09_10-37-09_859_3269467535519524768-701/-ext-10002
          destination: hdfs://hadoop-02.uni.innopolis.ru:8020/user/team30/project/hive/warehouse/stage4_prediction_distribution


INFO  : Completed compiling command(queryId=hive_20260509103709_d5ad8603-e4b5-42de-8143-7fe280451500); Time taken: 0.095 seconds
INFO  : Executing command(queryId=hive_20260509103709_d5ad8603-e4b5-42de-8143-7fe280451500): CREATE TABLE stage4_prediction_distribution
STORED AS PARQUET
AS
SELECT
model,
prediction,
SUM(row_count) AS row_count
FROM stage4_prediction_counts
GROUP BY model, prediction
INFO  : Query ID = hive_20260509103709_d5ad8603-e4b5-42de-8143-7fe280451500
INFO  : Total jobs = 1
INFO  : Launching Job 1 out of 1
INFO  : Starting task [Stage-1:MAPRED] in serial mode
INFO  : Subscribed to counters: [] for queryId: hive_20260509103709_d5ad8603-e4b5-42de-8143-7fe280451500
INFO  : Session is already open
INFO  : Dag name: CREATE TABLE stage4_prediction_...prediction (Stage-1)
INFO  : Status: Running (Executing on YARN cluster with App id application_1777989965680_2044)

[2K----------------------------------------------------------------------------------------------
[2K[36;1m        VERTICES      MODE        STATUS  TOTAL  COMPLETED  RUNNING  PENDING  FAILED  KILLED  
[22;0m[2K----------------------------------------------------------------------------------------------
[2KMap 1 .......... container     SUCCEEDED      1          1        0        0       0       0  
Reducer 2 ...... container     SUCCEEDED      1          1        0        0       0       0  
[2K----------------------------------------------------------------------------------------------
[2K[31;1mVERTICES: 02/02  [==========================>>] 100%  ELAPSED TIME: 1.15 s     
[22;0m[2K----------------------------------------------------------------------------------------------
INFO  : Starting task [Stage-2:DEPENDENCY_COLLECTION] in serial mode
INFO  : Starting task [Stage-0:MOVE] in serial mode
INFO  : Moving data to directory hdfs://hadoop-02.uni.innopolis.ru:8020/user/team30/project/hive/warehouse/stage4_prediction_distribution from hdfs://hadoop-02.uni.innopolis.ru:8020/user/team30/project/hive/warehouse/.hive-staging_hive_2026-05-09_10-37-09_859_3269467535519524768-701/-ext-10002
INFO  : Starting task [Stage-4:DDL] in serial mode
INFO  : Starting task [Stage-3:STATS] in serial mode
INFO  : Completed executing command(queryId=hive_20260509103709_d5ad8603-e4b5-42de-8143-7fe280451500); Time taken: 1.221 seconds
INFO  : OK
No rows affected (1.349 seconds)
INFO  : Compiling command(queryId=hive_20260509103711_5843bf27-5448-414c-a803-e7fb80ce22e6): DROP TABLE IF EXISTS stage4_feature_extraction_summary
INFO  : Semantic Analysis Completed (retrial = false)
INFO  : Returning Hive schema: Schema(fieldSchemas:null, properties:null)
INFO  : EXPLAIN output for queryid hive_20260509103711_5843bf27-5448-414c-a803-e7fb80ce22e6 : STAGE DEPENDENCIES:
  Stage-0 is a root stage [DDL]

STAGE PLANS:
  Stage: Stage-0
      Drop Table Operator:
        Drop Table
          table: stage4_feature_extraction_summary


INFO  : Completed compiling command(queryId=hive_20260509103711_5843bf27-5448-414c-a803-e7fb80ce22e6); Time taken: 0.027 seconds
INFO  : Executing command(queryId=hive_20260509103711_5843bf27-5448-414c-a803-e7fb80ce22e6): DROP TABLE IF EXISTS stage4_feature_extraction_summary
INFO  : Starting task [Stage-0:DDL] in serial mode
INFO  : Completed executing command(queryId=hive_20260509103711_5843bf27-5448-414c-a803-e7fb80ce22e6); Time taken: 0.004 seconds
INFO  : OK
No rows affected (0.05 seconds)
INFO  : Compiling command(queryId=hive_20260509103711_61ffce4d-af3f-4ad3-815c-01fc4801c9d4): CREATE TABLE stage4_feature_extraction_summary
STORED AS PARQUET
AS
SELECT
'numeric_features' AS feature_group,
13 AS feature_count,
'kept as numeric and scaled with StandardScaler' AS treatment,
'duration, bytes, packets, ports, year, local flags' AS examples
UNION ALL
SELECT
'cyclical_time_features' AS feature_group,
10 AS feature_count,
'timestamp parts encoded with sine and cosine pairs' AS treatment,
'month, day, hour, minute, second' AS examples
UNION ALL
SELECT
'categorical_features' AS feature_group,
4 AS feature_count,
'StringIndexer, OneHotEncoder, then ChiSqSelector with fpr=0.1' AS treatment,
'proto, service, conn_state, history' AS examples
UNION ALL
SELECT
'final_feature_vector' AS feature_group,
152 AS feature_count,
'assembled selected categorical, numeric, and time features' AS treatment,
'features column used by Spark ML models' AS examples
UNION ALL
SELECT
'target_label' AS feature_group,
1 AS feature_count,
'StringIndexer converted string label to numeric class label' AS treatment,
'label' AS examples
INFO  : Semantic Analysis Completed (retrial = false)
INFO  : Returning Hive schema: Schema(fieldSchemas:[FieldSchema(name:feature_group, type:string, comment:null), FieldSchema(name:feature_count, type:int, comment:null), FieldSchema(name:treatment, type:string, comment:null), FieldSchema(name:examples, type:string, comment:null)], properties:null)
INFO  : EXPLAIN output for queryid hive_20260509103711_61ffce4d-af3f-4ad3-815c-01fc4801c9d4 : STAGE DEPENDENCIES:
  Stage-1 is a root stage [MAPRED]
  Stage-2 depends on stages: Stage-1 [DEPENDENCY_COLLECTION]
  Stage-4 depends on stages: Stage-2, Stage-0 [DDL]
  Stage-3 depends on stages: Stage-4 [STATS]
  Stage-0 depends on stages: Stage-1 [MOVE]

STAGE PLANS:
  Stage: Stage-1
    Tez
      DagId: hive_20260509103711_61ffce4d-af3f-4ad3-815c-01fc4801c9d4:1893
      Edges:
        Map 1 <- Union 2 (CONTAINS)
        Map 3 <- Union 2 (CONTAINS)
        Map 4 <- Union 2 (CONTAINS)
        Map 5 <- Union 2 (CONTAINS)
        Map 6 <- Union 2 (CONTAINS)
      DagName: hive_20260509103711_61ffce4d-af3f-4ad3-815c-01fc4801c9d4:1893
      Vertices:
        Map 1 
            Map Operator Tree:
                TableScan
                  alias: _dummy_table
                  Row Limit Per Split: 1
                  Statistics: Num rows: 1 Data size: 10 Basic stats: COMPLETE Column stats: COMPLETE
                  GatherStats: false
                  Select Operator
                    expressions: 'numeric_features' (type: string), 13 (type: int), 'kept as numeric and scaled with StandardScaler' (type: string), 'duration, bytes, packets, ports, year, local flags' (type: string)
                    outputColumnNames: _col0, _col1, _col2, _col3
                    Statistics: Num rows: 1 Data size: 368 Basic stats: COMPLETE Column stats: COMPLETE
                    File Output Operator
                      compressed: false
                      GlobalTableId: 1
                      directory: hdfs://hadoop-02.uni.innopolis.ru:8020/user/team30/project/hive/warehouse/.hive-staging_hive_2026-05-09_10-37-11_426_4566591113606952721-701/-ext-10002/HIVE_UNION_SUBDIR_1
                      NumFilesPerFileSink: 1
                      Statistics: Num rows: 5 Data size: 1805 Basic stats: COMPLETE Column stats: COMPLETE
                      Stats Publishing Key Prefix: hdfs://hadoop-02.uni.innopolis.ru:8020/user/team30/project/hive/warehouse/.hive-staging_hive_2026-05-09_10-37-11_426_4566591113606952721-701/-ext-10002/
                      table:
                          input format: org.apache.hadoop.hive.ql.io.parquet.MapredParquetInputFormat
                          output format: org.apache.hadoop.hive.ql.io.parquet.MapredParquetOutputFormat
                          properties:
                            columns feature_group,feature_count,treatment,examples
                            columns.types string:int:string:string
                            name team30_projectdb.stage4_feature_extraction_summary
                            serialization.format 1
                            serialization.lib org.apache.hadoop.hive.ql.io.parquet.serde.ParquetHiveSerDe
                          serde: org.apache.hadoop.hive.ql.io.parquet.serde.ParquetHiveSerDe
                          name: team30_projectdb.stage4_feature_extraction_summary
                      TotalFiles: 1
                      GatherStats: true
                      MultiFileSpray: false
            Path -> Alias:
              hdfs://hadoop-02.uni.innopolis.ru:8020/tmp/hive/team30/73eecc7d-8c92-412b-93cf-7d831eea30f7/hive_2026-05-09_10-37-11_426_4566591113606952721-701/dummy_path [_dummy_table]
            Path -> Partition:
              hdfs://hadoop-02.uni.innopolis.ru:8020/tmp/hive/team30/73eecc7d-8c92-412b-93cf-7d831eea30f7/hive_2026-05-09_10-37-11_426_4566591113606952721-701/dummy_path 
                Partition
                  base file name: dummy_path
                  input format: org.apache.hadoop.hive.ql.io.NullRowsInputFormat
                  output format: org.apache.hadoop.hive.ql.io.HiveIgnoreKeyTextOutputFormat
                  properties:
                    bucket_count -1
                    bucketing_version 2
                    column.name.delimiter ,
                    columns 
                    columns.comments 
                    columns.types 
                    file.inputformat org.apache.hadoop.hive.ql.io.NullRowsInputFormat
                    file.outputformat org.apache.hadoop.hive.ql.io.HiveIgnoreKeyTextOutputFormat
                    location hdfs://hadoop-02.uni.innopolis.ru:8020/tmp/hive/team30/73eecc7d-8c92-412b-93cf-7d831eea30f7/hive_2026-05-09_10-37-11_426_4566591113606952721-701/dummy_path
                    name _dummy_database._dummy_table
                    serialization.ddl struct _dummy_table { }
                    serialization.format 1
                    serialization.lib org.apache.hadoop.hive.serde2.NullStructSerDe
                  serde: org.apache.hadoop.hive.serde2.NullStructSerDe
                
                    input format: org.apache.hadoop.hive.ql.io.NullRowsInputFormat
                    output format: org.apache.hadoop.hive.ql.io.HiveIgnoreKeyTextOutputFormat
                    properties:
                      bucket_count -1
                      bucketing_version 2
                      column.name.delimiter ,
                      columns 
                      columns.comments 
                      columns.types 
                      file.inputformat org.apache.hadoop.hive.ql.io.NullRowsInputFormat
                      file.outputformat org.apache.hadoop.hive.ql.io.HiveIgnoreKeyTextOutputFormat
                      location hdfs://hadoop-02.uni.innopolis.ru:8020/tmp/hive/team30/73eecc7d-8c92-412b-93cf-7d831eea30f7/hive_2026-05-09_10-37-11_426_4566591113606952721-701/dummy_path
                      name _dummy_database._dummy_table
                      serialization.ddl struct _dummy_table { }
                      serialization.format 1
                      serialization.lib org.apache.hadoop.hive.serde2.NullStructSerDe
                    serde: org.apache.hadoop.hive.serde2.NullStructSerDe
                    name: _dummy_database._dummy_table
                  name: _dummy_database._dummy_table
            Truncated Path -> Alias:
              hdfs://hadoop-02.uni.innopolis.ru:8020/tmp/hive/team30/73eecc7d-8c92-412b-93cf-7d831eea30f7/hive_2026-05-09_10-37-11_426_4566591113606952721-701/dummy_path [_dummy_table]
        Map 3 
            Map Operator Tree:
                TableScan
                  alias: _dummy_table
                  Row Limit Per Split: 1
                  Statistics: Num rows: 1 Data size: 10 Basic stats: COMPLETE Column stats: COMPLETE
                  GatherStats: false
                  Select Operator
                    expressions: 'cyclical_time_features' (type: string), 10 (type: int), 'timestamp parts encoded with sine and cosine pairs' (type: string), 'month, day, hour, minute, second' (type: string)
                    outputColumnNames: _col0, _col1, _col2, _col3
                    Statistics: Num rows: 1 Data size: 360 Basic stats: COMPLETE Column stats: COMPLETE
                    File Output Operator
                      compressed: false
                      GlobalTableId: 1
                      directory: hdfs://hadoop-02.uni.innopolis.ru:8020/user/team30/project/hive/warehouse/.hive-staging_hive_2026-05-09_10-37-11_426_4566591113606952721-701/-ext-10002/HIVE_UNION_SUBDIR_2
                      NumFilesPerFileSink: 1
                      Statistics: Num rows: 5 Data size: 1805 Basic stats: COMPLETE Column stats: COMPLETE
                      Stats Publishing Key Prefix: hdfs://hadoop-02.uni.innopolis.ru:8020/user/team30/project/hive/warehouse/.hive-staging_hive_2026-05-09_10-37-11_426_4566591113606952721-701/-ext-10002/
                      table:
                          input format: org.apache.hadoop.hive.ql.io.parquet.MapredParquetInputFormat
                          output format: org.apache.hadoop.hive.ql.io.parquet.MapredParquetOutputFormat
                          properties:
                            columns feature_group,feature_count,treatment,examples
                            columns.types string:int:string:string
                            name team30_projectdb.stage4_feature_extraction_summary
                            serialization.format 1
                            serialization.lib org.apache.hadoop.hive.ql.io.parquet.serde.ParquetHiveSerDe
                          serde: org.apache.hadoop.hive.ql.io.parquet.serde.ParquetHiveSerDe
                          name: team30_projectdb.stage4_feature_extraction_summary
                      TotalFiles: 1
                      GatherStats: true
                      MultiFileSpray: false
            Path -> Alias:
              hdfs://hadoop-02.uni.innopolis.ru:8020/tmp/hive/team30/73eecc7d-8c92-412b-93cf-7d831eea30f7/hive_2026-05-09_10-37-11_426_4566591113606952721-701/dummy_path [_dummy_table]
            Path -> Partition:
              hdfs://hadoop-02.uni.innopolis.ru:8020/tmp/hive/team30/73eecc7d-8c92-412b-93cf-7d831eea30f7/hive_2026-05-09_10-37-11_426_4566591113606952721-701/dummy_path 
                Partition
                  base file name: dummy_path
                  input format: org.apache.hadoop.hive.ql.io.NullRowsInputFormat
                  output format: org.apache.hadoop.hive.ql.io.HiveIgnoreKeyTextOutputFormat
                  properties:
                    bucket_count -1
                    bucketing_version 2
                    column.name.delimiter ,
                    columns 
                    columns.comments 
                    columns.types 
                    file.inputformat org.apache.hadoop.hive.ql.io.NullRowsInputFormat
                    file.outputformat org.apache.hadoop.hive.ql.io.HiveIgnoreKeyTextOutputFormat
                    location hdfs://hadoop-02.uni.innopolis.ru:8020/tmp/hive/team30/73eecc7d-8c92-412b-93cf-7d831eea30f7/hive_2026-05-09_10-37-11_426_4566591113606952721-701/dummy_path
                    name _dummy_database._dummy_table
                    serialization.ddl struct _dummy_table { }
                    serialization.format 1
                    serialization.lib org.apache.hadoop.hive.serde2.NullStructSerDe
                  serde: org.apache.hadoop.hive.serde2.NullStructSerDe
                
                    input format: org.apache.hadoop.hive.ql.io.NullRowsInputFormat
                    output format: org.apache.hadoop.hive.ql.io.HiveIgnoreKeyTextOutputFormat
                    properties:
                      bucket_count -1
                      bucketing_version 2
                      column.name.delimiter ,
                      columns 
                      columns.comments 
                      columns.types 
                      file.inputformat org.apache.hadoop.hive.ql.io.NullRowsInputFormat
                      file.outputformat org.apache.hadoop.hive.ql.io.HiveIgnoreKeyTextOutputFormat
                      location hdfs://hadoop-02.uni.innopolis.ru:8020/tmp/hive/team30/73eecc7d-8c92-412b-93cf-7d831eea30f7/hive_2026-05-09_10-37-11_426_4566591113606952721-701/dummy_path
                      name _dummy_database._dummy_table
                      serialization.ddl struct _dummy_table { }
                      serialization.format 1
                      serialization.lib org.apache.hadoop.hive.serde2.NullStructSerDe
                    serde: org.apache.hadoop.hive.serde2.NullStructSerDe
                    name: _dummy_database._dummy_table
                  name: _dummy_database._dummy_table
            Truncated Path -> Alias:
              hdfs://hadoop-02.uni.innopolis.ru:8020/tmp/hive/team30/73eecc7d-8c92-412b-93cf-7d831eea30f7/hive_2026-05-09_10-37-11_426_4566591113606952721-701/dummy_path [_dummy_table]
        Map 4 
            Map Operator Tree:
                TableScan
                  alias: _dummy_table
                  Row Limit Per Split: 1
                  Statistics: Num rows: 1 Data size: 10 Basic stats: COMPLETE Column stats: COMPLETE
                  GatherStats: false
                  Select Operator
                    expressions: 'categorical_features' (type: string), 4 (type: int), 'StringIndexer, OneHotEncoder, then ChiSqSelector with fpr=0.1' (type: string), 'proto, service, conn_state, history' (type: string)
                    outputColumnNames: _col0, _col1, _col2, _col3
                    Statistics: Num rows: 1 Data size: 372 Basic stats: COMPLETE Column stats: COMPLETE
                    File Output Operator
                      compressed: false
                      GlobalTableId: 1
                      directory: hdfs://hadoop-02.uni.innopolis.ru:8020/user/team30/project/hive/warehouse/.hive-staging_hive_2026-05-09_10-37-11_426_4566591113606952721-701/-ext-10002/HIVE_UNION_SUBDIR_3
                      NumFilesPerFileSink: 1
                      Statistics: Num rows: 5 Data size: 1805 Basic stats: COMPLETE Column stats: COMPLETE
                      Stats Publishing Key Prefix: hdfs://hadoop-02.uni.innopolis.ru:8020/user/team30/project/hive/warehouse/.hive-staging_hive_2026-05-09_10-37-11_426_4566591113606952721-701/-ext-10002/
                      table:
                          input format: org.apache.hadoop.hive.ql.io.parquet.MapredParquetInputFormat
                          output format: org.apache.hadoop.hive.ql.io.parquet.MapredParquetOutputFormat
                          properties:
                            columns feature_group,feature_count,treatment,examples
                            columns.types string:int:string:string
                            name team30_projectdb.stage4_feature_extraction_summary
                            serialization.format 1
                            serialization.lib org.apache.hadoop.hive.ql.io.parquet.serde.ParquetHiveSerDe
                          serde: org.apache.hadoop.hive.ql.io.parquet.serde.ParquetHiveSerDe
                          name: team30_projectdb.stage4_feature_extraction_summary
                      TotalFiles: 1
                      GatherStats: true
                      MultiFileSpray: false
            Path -> Alias:
              hdfs://hadoop-02.uni.innopolis.ru:8020/tmp/hive/team30/73eecc7d-8c92-412b-93cf-7d831eea30f7/hive_2026-05-09_10-37-11_426_4566591113606952721-701/dummy_path [_dummy_table]
            Path -> Partition:
              hdfs://hadoop-02.uni.innopolis.ru:8020/tmp/hive/team30/73eecc7d-8c92-412b-93cf-7d831eea30f7/hive_2026-05-09_10-37-11_426_4566591113606952721-701/dummy_path 
                Partition
                  base file name: dummy_path
                  input format: org.apache.hadoop.hive.ql.io.NullRowsInputFormat
                  output format: org.apache.hadoop.hive.ql.io.HiveIgnoreKeyTextOutputFormat
                  properties:
                    bucket_count -1
                    bucketing_version 2
                    column.name.delimiter ,
                    columns 
                    columns.comments 
                    columns.types 
                    file.inputformat org.apache.hadoop.hive.ql.io.NullRowsInputFormat
                    file.outputformat org.apache.hadoop.hive.ql.io.HiveIgnoreKeyTextOutputFormat
                    location hdfs://hadoop-02.uni.innopolis.ru:8020/tmp/hive/team30/73eecc7d-8c92-412b-93cf-7d831eea30f7/hive_2026-05-09_10-37-11_426_4566591113606952721-701/dummy_path
                    name _dummy_database._dummy_table
                    serialization.ddl struct _dummy_table { }
                    serialization.format 1
                    serialization.lib org.apache.hadoop.hive.serde2.NullStructSerDe
                  serde: org.apache.hadoop.hive.serde2.NullStructSerDe
                
                    input format: org.apache.hadoop.hive.ql.io.NullRowsInputFormat
                    output format: org.apache.hadoop.hive.ql.io.HiveIgnoreKeyTextOutputFormat
                    properties:
                      bucket_count -1
                      bucketing_version 2
                      column.name.delimiter ,
                      columns 
                      columns.comments 
                      columns.types 
                      file.inputformat org.apache.hadoop.hive.ql.io.NullRowsInputFormat
                      file.outputformat org.apache.hadoop.hive.ql.io.HiveIgnoreKeyTextOutputFormat
                      location hdfs://hadoop-02.uni.innopolis.ru:8020/tmp/hive/team30/73eecc7d-8c92-412b-93cf-7d831eea30f7/hive_2026-05-09_10-37-11_426_4566591113606952721-701/dummy_path
                      name _dummy_database._dummy_table
                      serialization.ddl struct _dummy_table { }
                      serialization.format 1
                      serialization.lib org.apache.hadoop.hive.serde2.NullStructSerDe
                    serde: org.apache.hadoop.hive.serde2.NullStructSerDe
                    name: _dummy_database._dummy_table
                  name: _dummy_database._dummy_table
            Truncated Path -> Alias:
              hdfs://hadoop-02.uni.innopolis.ru:8020/tmp/hive/team30/73eecc7d-8c92-412b-93cf-7d831eea30f7/hive_2026-05-09_10-37-11_426_4566591113606952721-701/dummy_path [_dummy_table]
        Map 5 
            Map Operator Tree:
                TableScan
                  alias: _dummy_table
                  Row Limit Per Split: 1
                  Statistics: Num rows: 1 Data size: 10 Basic stats: COMPLETE Column stats: COMPLETE
                  GatherStats: false
                  Select Operator
                    expressions: 'final_feature_vector' (type: string), 152 (type: int), 'assembled selected categorical, numeric, and time features' (type: string), 'features column used by Spark ML models' (type: string)
                    outputColumnNames: _col0, _col1, _col2, _col3
                    Statistics: Num rows: 1 Data size: 373 Basic stats: COMPLETE Column stats: COMPLETE
                    File Output Operator
                      compressed: false
                      GlobalTableId: 1
                      directory: hdfs://hadoop-02.uni.innopolis.ru:8020/user/team30/project/hive/warehouse/.hive-staging_hive_2026-05-09_10-37-11_426_4566591113606952721-701/-ext-10002/HIVE_UNION_SUBDIR_4
                      NumFilesPerFileSink: 1
                      Statistics: Num rows: 5 Data size: 1805 Basic stats: COMPLETE Column stats: COMPLETE
                      Stats Publishing Key Prefix: hdfs://hadoop-02.uni.innopolis.ru:8020/user/team30/project/hive/warehouse/.hive-staging_hive_2026-05-09_10-37-11_426_4566591113606952721-701/-ext-10002/
                      table:
                          input format: org.apache.hadoop.hive.ql.io.parquet.MapredParquetInputFormat
                          output format: org.apache.hadoop.hive.ql.io.parquet.MapredParquetOutputFormat
                          properties:
                            columns feature_group,feature_count,treatment,examples
                            columns.types string:int:string:string
                            name team30_projectdb.stage4_feature_extraction_summary
                            serialization.format 1
                            serialization.lib org.apache.hadoop.hive.ql.io.parquet.serde.ParquetHiveSerDe
                          serde: org.apache.hadoop.hive.ql.io.parquet.serde.ParquetHiveSerDe
                          name: team30_projectdb.stage4_feature_extraction_summary
                      TotalFiles: 1
                      GatherStats: true
                      MultiFileSpray: false
            Path -> Alias:
              hdfs://hadoop-02.uni.innopolis.ru:8020/tmp/hive/team30/73eecc7d-8c92-412b-93cf-7d831eea30f7/hive_2026-05-09_10-37-11_426_4566591113606952721-701/dummy_path [_dummy_table]
            Path -> Partition:
              hdfs://hadoop-02.uni.innopolis.ru:8020/tmp/hive/team30/73eecc7d-8c92-412b-93cf-7d831eea30f7/hive_2026-05-09_10-37-11_426_4566591113606952721-701/dummy_path 
                Partition
                  base file name: dummy_path
                  input format: org.apache.hadoop.hive.ql.io.NullRowsInputFormat
                  output format: org.apache.hadoop.hive.ql.io.HiveIgnoreKeyTextOutputFormat
                  properties:
                    bucket_count -1
                    bucketing_version 2
                    column.name.delimiter ,
                    columns 
                    columns.comments 
                    columns.types 
                    file.inputformat org.apache.hadoop.hive.ql.io.NullRowsInputFormat
                    file.outputformat org.apache.hadoop.hive.ql.io.HiveIgnoreKeyTextOutputFormat
                    location hdfs://hadoop-02.uni.innopolis.ru:8020/tmp/hive/team30/73eecc7d-8c92-412b-93cf-7d831eea30f7/hive_2026-05-09_10-37-11_426_4566591113606952721-701/dummy_path
                    name _dummy_database._dummy_table
                    serialization.ddl struct _dummy_table { }
                    serialization.format 1
                    serialization.lib org.apache.hadoop.hive.serde2.NullStructSerDe
                  serde: org.apache.hadoop.hive.serde2.NullStructSerDe
                
                    input format: org.apache.hadoop.hive.ql.io.NullRowsInputFormat
                    output format: org.apache.hadoop.hive.ql.io.HiveIgnoreKeyTextOutputFormat
                    properties:
                      bucket_count -1
                      bucketing_version 2
                      column.name.delimiter ,
                      columns 
                      columns.comments 
                      columns.types 
                      file.inputformat org.apache.hadoop.hive.ql.io.NullRowsInputFormat
                      file.outputformat org.apache.hadoop.hive.ql.io.HiveIgnoreKeyTextOutputFormat
                      location hdfs://hadoop-02.uni.innopolis.ru:8020/tmp/hive/team30/73eecc7d-8c92-412b-93cf-7d831eea30f7/hive_2026-05-09_10-37-11_426_4566591113606952721-701/dummy_path
                      name _dummy_database._dummy_table
                      serialization.ddl struct _dummy_table { }
                      serialization.format 1
                      serialization.lib org.apache.hadoop.hive.serde2.NullStructSerDe
                    serde: org.apache.hadoop.hive.serde2.NullStructSerDe
                    name: _dummy_database._dummy_table
                  name: _dummy_database._dummy_table
            Truncated Path -> Alias:
              hdfs://hadoop-02.uni.innopolis.ru:8020/tmp/hive/team30/73eecc7d-8c92-412b-93cf-7d831eea30f7/hive_2026-05-09_10-37-11_426_4566591113606952721-701/dummy_path [_dummy_table]
        Map 6 
            Map Operator Tree:
                TableScan
                  alias: _dummy_table
                  Row Limit Per Split: 1
                  Statistics: Num rows: 1 Data size: 10 Basic stats: COMPLETE Column stats: COMPLETE
                  GatherStats: false
                  Select Operator
                    expressions: 'target_label' (type: string), 1 (type: int), 'StringIndexer converted string label to numeric class label' (type: string), 'label' (type: string)
                    outputColumnNames: _col0, _col1, _col2, _col3
                    Statistics: Num rows: 1 Data size: 332 Basic stats: COMPLETE Column stats: COMPLETE
                    File Output Operator
                      compressed: false
                      GlobalTableId: 1
                      directory: hdfs://hadoop-02.uni.innopolis.ru:8020/user/team30/project/hive/warehouse/.hive-staging_hive_2026-05-09_10-37-11_426_4566591113606952721-701/-ext-10002/HIVE_UNION_SUBDIR_5
                      NumFilesPerFileSink: 1
                      Statistics: Num rows: 5 Data size: 1805 Basic stats: COMPLETE Column stats: COMPLETE
                      Stats Publishing Key Prefix: hdfs://hadoop-02.uni.innopolis.ru:8020/user/team30/project/hive/warehouse/.hive-staging_hive_2026-05-09_10-37-11_426_4566591113606952721-701/-ext-10002/
                      table:
                          input format: org.apache.hadoop.hive.ql.io.parquet.MapredParquetInputFormat
                          output format: org.apache.hadoop.hive.ql.io.parquet.MapredParquetOutputFormat
                          properties:
                            columns feature_group,feature_count,treatment,examples
                            columns.types string:int:string:string
                            name team30_projectdb.stage4_feature_extraction_summary
                            serialization.format 1
                            serialization.lib org.apache.hadoop.hive.ql.io.parquet.serde.ParquetHiveSerDe
                          serde: org.apache.hadoop.hive.ql.io.parquet.serde.ParquetHiveSerDe
                          name: team30_projectdb.stage4_feature_extraction_summary
                      TotalFiles: 1
                      GatherStats: true
                      MultiFileSpray: false
            Path -> Alias:
              hdfs://hadoop-02.uni.innopolis.ru:8020/tmp/hive/team30/73eecc7d-8c92-412b-93cf-7d831eea30f7/hive_2026-05-09_10-37-11_426_4566591113606952721-701/dummy_path [_dummy_table]
            Path -> Partition:
              hdfs://hadoop-02.uni.innopolis.ru:8020/tmp/hive/team30/73eecc7d-8c92-412b-93cf-7d831eea30f7/hive_2026-05-09_10-37-11_426_4566591113606952721-701/dummy_path 
                Partition
                  base file name: dummy_path
                  input format: org.apache.hadoop.hive.ql.io.NullRowsInputFormat
                  output format: org.apache.hadoop.hive.ql.io.HiveIgnoreKeyTextOutputFormat
                  properties:
                    bucket_count -1
                    bucketing_version 2
                    column.name.delimiter ,
                    columns 
                    columns.comments 
                    columns.types 
                    file.inputformat org.apache.hadoop.hive.ql.io.NullRowsInputFormat
                    file.outputformat org.apache.hadoop.hive.ql.io.HiveIgnoreKeyTextOutputFormat
                    location hdfs://hadoop-02.uni.innopolis.ru:8020/tmp/hive/team30/73eecc7d-8c92-412b-93cf-7d831eea30f7/hive_2026-05-09_10-37-11_426_4566591113606952721-701/dummy_path
                    name _dummy_database._dummy_table
                    serialization.ddl struct _dummy_table { }
                    serialization.format 1
                    serialization.lib org.apache.hadoop.hive.serde2.NullStructSerDe
                  serde: org.apache.hadoop.hive.serde2.NullStructSerDe
                
                    input format: org.apache.hadoop.hive.ql.io.NullRowsInputFormat
                    output format: org.apache.hadoop.hive.ql.io.HiveIgnoreKeyTextOutputFormat
                    properties:
                      bucket_count -1
                      bucketing_version 2
                      column.name.delimiter ,
                      columns 
                      columns.comments 
                      columns.types 
                      file.inputformat org.apache.hadoop.hive.ql.io.NullRowsInputFormat
                      file.outputformat org.apache.hadoop.hive.ql.io.HiveIgnoreKeyTextOutputFormat
                      location hdfs://hadoop-02.uni.innopolis.ru:8020/tmp/hive/team30/73eecc7d-8c92-412b-93cf-7d831eea30f7/hive_2026-05-09_10-37-11_426_4566591113606952721-701/dummy_path
                      name _dummy_database._dummy_table
                      serialization.ddl struct _dummy_table { }
                      serialization.format 1
                      serialization.lib org.apache.hadoop.hive.serde2.NullStructSerDe
                    serde: org.apache.hadoop.hive.serde2.NullStructSerDe
                    name: _dummy_database._dummy_table
                  name: _dummy_database._dummy_table
            Truncated Path -> Alias:
              hdfs://hadoop-02.uni.innopolis.ru:8020/tmp/hive/team30/73eecc7d-8c92-412b-93cf-7d831eea30f7/hive_2026-05-09_10-37-11_426_4566591113606952721-701/dummy_path [_dummy_table]
        Union 2 
            Vertex: Union 2

  Stage: Stage-2
    Dependency Collection

  Stage: Stage-4
      Create Table Operator:
        Create Table
          columns: feature_group string, feature_count int, treatment string, examples string
          input format: org.apache.hadoop.hive.ql.io.parquet.MapredParquetInputFormat
          output format: org.apache.hadoop.hive.ql.io.parquet.MapredParquetOutputFormat
          serde name: org.apache.hadoop.hive.ql.io.parquet.serde.ParquetHiveSerDe
          name: team30_projectdb.stage4_feature_extraction_summary

  Stage: Stage-3
    Stats Work
      Basic Stats Work:
          Stats Aggregation Key Prefix: hdfs://hadoop-02.uni.innopolis.ru:8020/user/team30/project/hive/warehouse/.hive-staging_hive_2026-05-09_10-37-11_426_4566591113606952721-701/-ext-10002/

  Stage: Stage-0
    Move Operator
      files:
          hdfs directory: true
          source: hdfs://hadoop-02.uni.innopolis.ru:8020/user/team30/project/hive/warehouse/.hive-staging_hive_2026-05-09_10-37-11_426_4566591113606952721-701/-ext-10002
          destination: hdfs://hadoop-02.uni.innopolis.ru:8020/user/team30/project/hive/warehouse/stage4_feature_extraction_summary


INFO  : Completed compiling command(queryId=hive_20260509103711_61ffce4d-af3f-4ad3-815c-01fc4801c9d4); Time taken: 0.147 seconds
INFO  : Executing command(queryId=hive_20260509103711_61ffce4d-af3f-4ad3-815c-01fc4801c9d4): CREATE TABLE stage4_feature_extraction_summary
STORED AS PARQUET
AS
SELECT
'numeric_features' AS feature_group,
13 AS feature_count,
'kept as numeric and scaled with StandardScaler' AS treatment,
'duration, bytes, packets, ports, year, local flags' AS examples
UNION ALL
SELECT
'cyclical_time_features' AS feature_group,
10 AS feature_count,
'timestamp parts encoded with sine and cosine pairs' AS treatment,
'month, day, hour, minute, second' AS examples
UNION ALL
SELECT
'categorical_features' AS feature_group,
4 AS feature_count,
'StringIndexer, OneHotEncoder, then ChiSqSelector with fpr=0.1' AS treatment,
'proto, service, conn_state, history' AS examples
UNION ALL
SELECT
'final_feature_vector' AS feature_group,
152 AS feature_count,
'assembled selected categorical, numeric, and time features' AS treatment,
'features column used by Spark ML models' AS examples
UNION ALL
SELECT
'target_label' AS feature_group,
1 AS feature_count,
'StringIndexer converted string label to numeric class label' AS treatment,
'label' AS examples
INFO  : Query ID = hive_20260509103711_61ffce4d-af3f-4ad3-815c-01fc4801c9d4
INFO  : Total jobs = 1
INFO  : Launching Job 1 out of 1
INFO  : Starting task [Stage-1:MAPRED] in serial mode
INFO  : Subscribed to counters: [] for queryId: hive_20260509103711_61ffce4d-af3f-4ad3-815c-01fc4801c9d4
INFO  : Session is already open
INFO  : Dag name: CREATE TABLE stage4_feature_extra...examples (Stage-1)
INFO  : Status: Running (Executing on YARN cluster with App id application_1777989965680_2044)

INFO  : Starting task [Stage-2:DEPENDENCY_COLLECTION] in serial mode
INFO  : Starting task [Stage-0:MOVE] in serial mode
INFO  : Moving data to directory hdfs://hadoop-02.uni.innopolis.ru:8020/user/team30/project/hive/warehouse/stage4_feature_extraction_summary from hdfs://hadoop-02.uni.innopolis.ru:8020/user/team30/project/hive/warehouse/.hive-staging_hive_2026-05-09_10-37-11_426_4566591113606952721-701/-ext-10002
INFO  : Starting task [Stage-4:DDL] in serial mode
INFO  : Starting task [Stage-3:STATS] in serial mode
INFO  : Completed executing command(queryId=hive_20260509103711_61ffce4d-af3f-4ad3-815c-01fc4801c9d4); Time taken: 0.61 seconds
INFO  : OK
No rows affected (0.794 seconds)
INFO  : Compiling command(queryId=hive_20260509103712_de024db8-c0e6-47dc-847e-10196184d249): DROP TABLE IF EXISTS stage4_hyperparameter_results
INFO  : Semantic Analysis Completed (retrial = false)
INFO  : Returning Hive schema: Schema(fieldSchemas:null, properties:null)
INFO  : EXPLAIN output for queryid hive_20260509103712_de024db8-c0e6-47dc-847e-10196184d249 : STAGE DEPENDENCIES:
  Stage-0 is a root stage [DDL]

STAGE PLANS:
  Stage: Stage-0
      Drop Table Operator:
        Drop Table
          table: stage4_hyperparameter_results


INFO  : Completed compiling command(queryId=hive_20260509103712_de024db8-c0e6-47dc-847e-10196184d249); Time taken: 0.027 seconds
INFO  : Executing command(queryId=hive_20260509103712_de024db8-c0e6-47dc-847e-10196184d249): DROP TABLE IF EXISTS stage4_hyperparameter_results
INFO  : Starting task [Stage-0:DDL] in serial mode
INFO  : Completed executing command(queryId=hive_20260509103712_de024db8-c0e6-47dc-847e-10196184d249); Time taken: 0.003 seconds
INFO  : OK
No rows affected (0.049 seconds)
INFO  : Compiling command(queryId=hive_20260509103712_db22a721-21b8-47fb-8106-cab6e6c6a23f): CREATE TABLE stage4_hyperparameter_results
STORED AS PARQUET
AS
SELECT
'Random Forest' AS model,
'numTrees' AS hyperparameter,
'[30, 60]' AS tested_values,
'60' AS best_value,
2 AS cv_folds,
'f1' AS selection_metric
UNION ALL
SELECT
'Random Forest' AS model,
'maxDepth' AS hyperparameter,
'[4, 6]' AS tested_values,
'6' AS best_value,
2 AS cv_folds,
'f1' AS selection_metric
UNION ALL
SELECT
'Logistic Regression' AS model,
'regParam' AS hyperparameter,
'[0.01, 0.1]' AS tested_values,
'0.1' AS best_value,
2 AS cv_folds,
'f1' AS selection_metric
UNION ALL
SELECT
'Logistic Regression' AS model,
'elasticNetParam' AS hyperparameter,
'[0.0, 0.5]' AS tested_values,
'0.5' AS best_value,
2 AS cv_folds,
'f1' AS selection_metric
INFO  : Semantic Analysis Completed (retrial = false)
INFO  : Returning Hive schema: Schema(fieldSchemas:[FieldSchema(name:model, type:string, comment:null), FieldSchema(name:hyperparameter, type:string, comment:null), FieldSchema(name:tested_values, type:string, comment:null), FieldSchema(name:best_value, type:string, comment:null), FieldSchema(name:cv_folds, type:int, comment:null), FieldSchema(name:selection_metric, type:string, comment:null)], properties:null)
INFO  : EXPLAIN output for queryid hive_20260509103712_db22a721-21b8-47fb-8106-cab6e6c6a23f : STAGE DEPENDENCIES:
  Stage-1 is a root stage [MAPRED]
  Stage-2 depends on stages: Stage-1 [DEPENDENCY_COLLECTION]
  Stage-4 depends on stages: Stage-2, Stage-0 [DDL]
  Stage-3 depends on stages: Stage-4 [STATS]
  Stage-0 depends on stages: Stage-1 [MOVE]

STAGE PLANS:
  Stage: Stage-1
    Tez
      DagId: hive_20260509103712_db22a721-21b8-47fb-8106-cab6e6c6a23f:1894
      Edges:
        Map 1 <- Union 2 (CONTAINS)
        Map 3 <- Union 2 (CONTAINS)
        Map 4 <- Union 2 (CONTAINS)
        Map 5 <- Union 2 (CONTAINS)
      DagName: hive_20260509103712_db22a721-21b8-47fb-8106-cab6e6c6a23f:1894
      Vertices:
        Map 1 
            Map Operator Tree:
                TableScan
                  alias: _dummy_table
                  Row Limit Per Split: 1
                  Statistics: Num rows: 1 Data size: 10 Basic stats: COMPLETE Column stats: COMPLETE
                  GatherStats: false
                  Select Operator
                    expressions: 'numTrees' (type: string), '[30, 60]' (type: string), '60' (type: string)
                    outputColumnNames: _col0, _col1, _col2
                    Statistics: Num rows: 1 Data size: 270 Basic stats: COMPLETE Column stats: COMPLETE
                    Select Operator
                      expressions: 'Random Forest' (type: string), _col0 (type: string), _col1 (type: string), _col2 (type: string)
                      outputColumnNames: _col0, _col1, _col2, _col3
                      Statistics: Num rows: 2 Data size: 734 Basic stats: COMPLETE Column stats: COMPLETE
                      Select Operator
                        expressions: _col0 (type: string), _col1 (type: string), _col2 (type: string), _col3 (type: string), 2 (type: int), 'f1' (type: string)
                        outputColumnNames: _col0, _col1, _col2, _col3, _col4, _col5
                        Statistics: Num rows: 4 Data size: 1896 Basic stats: COMPLETE Column stats: COMPLETE
                        File Output Operator
                          compressed: false
                          GlobalTableId: 1
                          directory: hdfs://hadoop-02.uni.innopolis.ru:8020/user/team30/project/hive/warehouse/.hive-staging_hive_2026-05-09_10-37-12_479_6164981457872246905-701/-ext-10002/HIVE_UNION_SUBDIR_1
                          NumFilesPerFileSink: 1
                          Statistics: Num rows: 4 Data size: 1896 Basic stats: COMPLETE Column stats: COMPLETE
                          Stats Publishing Key Prefix: hdfs://hadoop-02.uni.innopolis.ru:8020/user/team30/project/hive/warehouse/.hive-staging_hive_2026-05-09_10-37-12_479_6164981457872246905-701/-ext-10002/
                          table:
                              input format: org.apache.hadoop.hive.ql.io.parquet.MapredParquetInputFormat
                              output format: org.apache.hadoop.hive.ql.io.parquet.MapredParquetOutputFormat
                              properties:
                                columns model,hyperparameter,tested_values,best_value,cv_folds,selection_metric
                                columns.types string:string:string:string:int:string
                                name team30_projectdb.stage4_hyperparameter_results
                                serialization.format 1
                                serialization.lib org.apache.hadoop.hive.ql.io.parquet.serde.ParquetHiveSerDe
                              serde: org.apache.hadoop.hive.ql.io.parquet.serde.ParquetHiveSerDe
                              name: team30_projectdb.stage4_hyperparameter_results
                          TotalFiles: 1
                          GatherStats: true
                          MultiFileSpray: false
            Path -> Alias:
              hdfs://hadoop-02.uni.innopolis.ru:8020/tmp/hive/team30/73eecc7d-8c92-412b-93cf-7d831eea30f7/hive_2026-05-09_10-37-12_479_6164981457872246905-701/dummy_path [_dummy_table]
            Path -> Partition:
              hdfs://hadoop-02.uni.innopolis.ru:8020/tmp/hive/team30/73eecc7d-8c92-412b-93cf-7d831eea30f7/hive_2026-05-09_10-37-12_479_6164981457872246905-701/dummy_path 
                Partition
                  base file name: dummy_path
                  input format: org.apache.hadoop.hive.ql.io.NullRowsInputFormat
                  output format: org.apache.hadoop.hive.ql.io.HiveIgnoreKeyTextOutputFormat
                  properties:
                    bucket_count -1
                    bucketing_version 2
                    column.name.delimiter ,
                    columns 
                    columns.comments 
                    columns.types 
                    file.inputformat org.apache.hadoop.hive.ql.io.NullRowsInputFormat
                    file.outputformat org.apache.hadoop.hive.ql.io.HiveIgnoreKeyTextOutputFormat
                    location hdfs://hadoop-02.uni.innopolis.ru:8020/tmp/hive/team30/73eecc7d-8c92-412b-93cf-7d831eea30f7/hive_2026-05-09_10-37-12_479_6164981457872246905-701/dummy_path
                    name _dummy_database._dummy_table
                    serialization.ddl struct _dummy_table { }
                    serialization.format 1
                    serialization.lib org.apache.hadoop.hive.serde2.NullStructSerDe
                  serde: org.apache.hadoop.hive.serde2.NullStructSerDe
                
                    input format: org.apache.hadoop.hive.ql.io.NullRowsInputFormat
                    output format: org.apache.hadoop.hive.ql.io.HiveIgnoreKeyTextOutputFormat
                    properties:
                      bucket_count -1
                      bucketing_version 2
                      column.name.delimiter ,
                      columns 
                      columns.comments 
                      columns.types 
                      file.inputformat org.apache.hadoop.hive.ql.io.NullRowsInputFormat
                      file.outputformat org.apache.hadoop.hive.ql.io.HiveIgnoreKeyTextOutputFormat
                      location hdfs://hadoop-02.uni.innopolis.ru:8020/tmp/hive/team30/73eecc7d-8c92-412b-93cf-7d831eea30f7/hive_2026-05-09_10-37-12_479_6164981457872246905-701/dummy_path
                      name _dummy_database._dummy_table
                      serialization.ddl struct _dummy_table { }
                      serialization.format 1
                      serialization.lib org.apache.hadoop.hive.serde2.NullStructSerDe
                    serde: org.apache.hadoop.hive.serde2.NullStructSerDe
                    name: _dummy_database._dummy_table
                  name: _dummy_database._dummy_table
            Truncated Path -> Alias:
              hdfs://hadoop-02.uni.innopolis.ru:8020/tmp/hive/team30/73eecc7d-8c92-412b-93cf-7d831eea30f7/hive_2026-05-09_10-37-12_479_6164981457872246905-701/dummy_path [_dummy_table]
        Map 3 
            Map Operator Tree:
                TableScan
                  alias: _dummy_table
                  Row Limit Per Split: 1
                  Statistics: Num rows: 1 Data size: 10 Basic stats: COMPLETE Column stats: COMPLETE
                  GatherStats: false
                  Select Operator
                    expressions: 'maxDepth' (type: string), '[4, 6]' (type: string), '6' (type: string)
                    outputColumnNames: _col0, _col1, _col2
                    Statistics: Num rows: 1 Data size: 267 Basic stats: COMPLETE Column stats: COMPLETE
                    Select Operator
                      expressions: 'Random Forest' (type: string), _col0 (type: string), _col1 (type: string), _col2 (type: string)
                      outputColumnNames: _col0, _col1, _col2, _col3
                      Statistics: Num rows: 2 Data size: 734 Basic stats: COMPLETE Column stats: COMPLETE
                      Select Operator
                        expressions: _col0 (type: string), _col1 (type: string), _col2 (type: string), _col3 (type: string), 2 (type: int), 'f1' (type: string)
                        outputColumnNames: _col0, _col1, _col2, _col3, _col4, _col5
                        Statistics: Num rows: 4 Data size: 1896 Basic stats: COMPLETE Column stats: COMPLETE
                        File Output Operator
                          compressed: false
                          GlobalTableId: 1
                          directory: hdfs://hadoop-02.uni.innopolis.ru:8020/user/team30/project/hive/warehouse/.hive-staging_hive_2026-05-09_10-37-12_479_6164981457872246905-701/-ext-10002/HIVE_UNION_SUBDIR_2
                          NumFilesPerFileSink: 1
                          Statistics: Num rows: 4 Data size: 1896 Basic stats: COMPLETE Column stats: COMPLETE
                          Stats Publishing Key Prefix: hdfs://hadoop-02.uni.innopolis.ru:8020/user/team30/project/hive/warehouse/.hive-staging_hive_2026-05-09_10-37-12_479_6164981457872246905-701/-ext-10002/
                          table:
                              input format: org.apache.hadoop.hive.ql.io.parquet.MapredParquetInputFormat
                              output format: org.apache.hadoop.hive.ql.io.parquet.MapredParquetOutputFormat
                              properties:
                                columns model,hyperparameter,tested_values,best_value,cv_folds,selection_metric
                                columns.types string:string:string:string:int:string
                                name team30_projectdb.stage4_hyperparameter_results
                                serialization.format 1
                                serialization.lib org.apache.hadoop.hive.ql.io.parquet.serde.ParquetHiveSerDe
                              serde: org.apache.hadoop.hive.ql.io.parquet.serde.ParquetHiveSerDe
                              name: team30_projectdb.stage4_hyperparameter_results
                          TotalFiles: 1
                          GatherStats: true
                          MultiFileSpray: false
            Path -> Alias:
              hdfs://hadoop-02.uni.innopolis.ru:8020/tmp/hive/team30/73eecc7d-8c92-412b-93cf-7d831eea30f7/hive_2026-05-09_10-37-12_479_6164981457872246905-701/dummy_path [_dummy_table]
            Path -> Partition:
              hdfs://hadoop-02.uni.innopolis.ru:8020/tmp/hive/team30/73eecc7d-8c92-412b-93cf-7d831eea30f7/hive_2026-05-09_10-37-12_479_6164981457872246905-701/dummy_path 
                Partition
                  base file name: dummy_path
                  input format: org.apache.hadoop.hive.ql.io.NullRowsInputFormat
                  output format: org.apache.hadoop.hive.ql.io.HiveIgnoreKeyTextOutputFormat
                  properties:
                    bucket_count -1
                    bucketing_version 2
                    column.name.delimiter ,
                    columns 
                    columns.comments 
                    columns.types 
                    file.inputformat org.apache.hadoop.hive.ql.io.NullRowsInputFormat
                    file.outputformat org.apache.hadoop.hive.ql.io.HiveIgnoreKeyTextOutputFormat
                    location hdfs://hadoop-02.uni.innopolis.ru:8020/tmp/hive/team30/73eecc7d-8c92-412b-93cf-7d831eea30f7/hive_2026-05-09_10-37-12_479_6164981457872246905-701/dummy_path
                    name _dummy_database._dummy_table
                    serialization.ddl struct _dummy_table { }
                    serialization.format 1
                    serialization.lib org.apache.hadoop.hive.serde2.NullStructSerDe
                  serde: org.apache.hadoop.hive.serde2.NullStructSerDe
                
                    input format: org.apache.hadoop.hive.ql.io.NullRowsInputFormat
                    output format: org.apache.hadoop.hive.ql.io.HiveIgnoreKeyTextOutputFormat
                    properties:
                      bucket_count -1
                      bucketing_version 2
                      column.name.delimiter ,
                      columns 
                      columns.comments 
                      columns.types 
                      file.inputformat org.apache.hadoop.hive.ql.io.NullRowsInputFormat
                      file.outputformat org.apache.hadoop.hive.ql.io.HiveIgnoreKeyTextOutputFormat
                      location hdfs://hadoop-02.uni.innopolis.ru:8020/tmp/hive/team30/73eecc7d-8c92-412b-93cf-7d831eea30f7/hive_2026-05-09_10-37-12_479_6164981457872246905-701/dummy_path
                      name _dummy_database._dummy_table
                      serialization.ddl struct _dummy_table { }
                      serialization.format 1
                      serialization.lib org.apache.hadoop.hive.serde2.NullStructSerDe
                    serde: org.apache.hadoop.hive.serde2.NullStructSerDe
                    name: _dummy_database._dummy_table
                  name: _dummy_database._dummy_table
            Truncated Path -> Alias:
              hdfs://hadoop-02.uni.innopolis.ru:8020/tmp/hive/team30/73eecc7d-8c92-412b-93cf-7d831eea30f7/hive_2026-05-09_10-37-12_479_6164981457872246905-701/dummy_path [_dummy_table]
        Map 4 
            Map Operator Tree:
                TableScan
                  alias: _dummy_table
                  Row Limit Per Split: 1
                  Statistics: Num rows: 1 Data size: 10 Basic stats: COMPLETE Column stats: COMPLETE
                  GatherStats: false
                  Select Operator
                    expressions: 'Logistic Regression' (type: string), 'regParam' (type: string), '[0.01, 0.1]' (type: string), '0.1' (type: string)
                    outputColumnNames: _col0, _col1, _col2, _col3
                    Statistics: Num rows: 1 Data size: 377 Basic stats: COMPLETE Column stats: COMPLETE
                    Select Operator
                      expressions: _col0 (type: string), _col1 (type: string), _col2 (type: string), _col3 (type: string), 2 (type: int), 'f1' (type: string)
                      outputColumnNames: _col0, _col1, _col2, _col3, _col4, _col5
                      Statistics: Num rows: 4 Data size: 1896 Basic stats: COMPLETE Column stats: COMPLETE
                      File Output Operator
                        compressed: false
                        GlobalTableId: 1
                        directory: hdfs://hadoop-02.uni.innopolis.ru:8020/user/team30/project/hive/warehouse/.hive-staging_hive_2026-05-09_10-37-12_479_6164981457872246905-701/-ext-10002/HIVE_UNION_SUBDIR_3
                        NumFilesPerFileSink: 1
                        Statistics: Num rows: 4 Data size: 1896 Basic stats: COMPLETE Column stats: COMPLETE
                        Stats Publishing Key Prefix: hdfs://hadoop-02.uni.innopolis.ru:8020/user/team30/project/hive/warehouse/.hive-staging_hive_2026-05-09_10-37-12_479_6164981457872246905-701/-ext-10002/
                        table:
                            input format: org.apache.hadoop.hive.ql.io.parquet.MapredParquetInputFormat
                            output format: org.apache.hadoop.hive.ql.io.parquet.MapredParquetOutputFormat
                            properties:
                              columns model,hyperparameter,tested_values,best_value,cv_folds,selection_metric
                              columns.types string:string:string:string:int:string
                              name team30_projectdb.stage4_hyperparameter_results
                              serialization.format 1
                              serialization.lib org.apache.hadoop.hive.ql.io.parquet.serde.ParquetHiveSerDe
                            serde: org.apache.hadoop.hive.ql.io.parquet.serde.ParquetHiveSerDe
                            name: team30_projectdb.stage4_hyperparameter_results
                        TotalFiles: 1
                        GatherStats: true
                        MultiFileSpray: false
            Path -> Alias:
              hdfs://hadoop-02.uni.innopolis.ru:8020/tmp/hive/team30/73eecc7d-8c92-412b-93cf-7d831eea30f7/hive_2026-05-09_10-37-12_479_6164981457872246905-701/dummy_path [_dummy_table]
            Path -> Partition:
              hdfs://hadoop-02.uni.innopolis.ru:8020/tmp/hive/team30/73eecc7d-8c92-412b-93cf-7d831eea30f7/hive_2026-05-09_10-37-12_479_6164981457872246905-701/dummy_path 
                Partition
                  base file name: dummy_path
                  input format: org.apache.hadoop.hive.ql.io.NullRowsInputFormat
                  output format: org.apache.hadoop.hive.ql.io.HiveIgnoreKeyTextOutputFormat
                  properties:
                    bucket_count -1
                    bucketing_version 2
                    column.name.delimiter ,
                    columns 
                    columns.comments 
                    columns.types 
                    file.inputformat org.apache.hadoop.hive.ql.io.NullRowsInputFormat
                    file.outputformat org.apache.hadoop.hive.ql.io.HiveIgnoreKeyTextOutputFormat
                    location hdfs://hadoop-02.uni.innopolis.ru:8020/tmp/hive/team30/73eecc7d-8c92-412b-93cf-7d831eea30f7/hive_2026-05-09_10-37-12_479_6164981457872246905-701/dummy_path
                    name _dummy_database._dummy_table
                    serialization.ddl struct _dummy_table { }
                    serialization.format 1
                    serialization.lib org.apache.hadoop.hive.serde2.NullStructSerDe
                  serde: org.apache.hadoop.hive.serde2.NullStructSerDe
                
                    input format: org.apache.hadoop.hive.ql.io.NullRowsInputFormat
                    output format: org.apache.hadoop.hive.ql.io.HiveIgnoreKeyTextOutputFormat
                    properties:
                      bucket_count -1
                      bucketing_version 2
                      column.name.delimiter ,
                      columns 
                      columns.comments 
                      columns.types 
                      file.inputformat org.apache.hadoop.hive.ql.io.NullRowsInputFormat
                      file.outputformat org.apache.hadoop.hive.ql.io.HiveIgnoreKeyTextOutputFormat
                      location hdfs://hadoop-02.uni.innopolis.ru:8020/tmp/hive/team30/73eecc7d-8c92-412b-93cf-7d831eea30f7/hive_2026-05-09_10-37-12_479_6164981457872246905-701/dummy_path
                      name _dummy_database._dummy_table
                      serialization.ddl struct _dummy_table { }
                      serialization.format 1
                      serialization.lib org.apache.hadoop.hive.serde2.NullStructSerDe
                    serde: org.apache.hadoop.hive.serde2.NullStructSerDe
                    name: _dummy_database._dummy_table
                  name: _dummy_database._dummy_table
            Truncated Path -> Alias:
              hdfs://hadoop-02.uni.innopolis.ru:8020/tmp/hive/team30/73eecc7d-8c92-412b-93cf-7d831eea30f7/hive_2026-05-09_10-37-12_479_6164981457872246905-701/dummy_path [_dummy_table]
        Map 5 
            Map Operator Tree:
                TableScan
                  alias: _dummy_table
                  Row Limit Per Split: 1
                  Statistics: Num rows: 1 Data size: 10 Basic stats: COMPLETE Column stats: COMPLETE
                  GatherStats: false
                  Select Operator
                    expressions: 'Logistic Regression' (type: string), 'elasticNetParam' (type: string), '[0.0, 0.5]' (type: string), '0.5' (type: string)
                    outputColumnNames: _col0, _col1, _col2, _col3
                    Statistics: Num rows: 1 Data size: 383 Basic stats: COMPLETE Column stats: COMPLETE
                    Select Operator
                      expressions: _col0 (type: string), _col1 (type: string), _col2 (type: string), _col3 (type: string), 2 (type: int), 'f1' (type: string)
                      outputColumnNames: _col0, _col1, _col2, _col3, _col4, _col5
                      Statistics: Num rows: 4 Data size: 1896 Basic stats: COMPLETE Column stats: COMPLETE
                      File Output Operator
                        compressed: false
                        GlobalTableId: 1
                        directory: hdfs://hadoop-02.uni.innopolis.ru:8020/user/team30/project/hive/warehouse/.hive-staging_hive_2026-05-09_10-37-12_479_6164981457872246905-701/-ext-10002/HIVE_UNION_SUBDIR_4
                        NumFilesPerFileSink: 1
                        Statistics: Num rows: 4 Data size: 1896 Basic stats: COMPLETE Column stats: COMPLETE
                        Stats Publishing Key Prefix: hdfs://hadoop-02.uni.innopolis.ru:8020/user/team30/project/hive/warehouse/.hive-staging_hive_2026-05-09_10-37-12_479_6164981457872246905-701/-ext-10002/
                        table:
                            input format: org.apache.hadoop.hive.ql.io.parquet.MapredParquetInputFormat
                            output format: org.apache.hadoop.hive.ql.io.parquet.MapredParquetOutputFormat
                            properties:
                              columns model,hyperparameter,tested_values,best_value,cv_folds,selection_metric
                              columns.types string:string:string:string:int:string
                              name team30_projectdb.stage4_hyperparameter_results
                              serialization.format 1
                              serialization.lib org.apache.hadoop.hive.ql.io.parquet.serde.ParquetHiveSerDe
                            serde: org.apache.hadoop.hive.ql.io.parquet.serde.ParquetHiveSerDe
                            name: team30_projectdb.stage4_hyperparameter_results
                        TotalFiles: 1
                        GatherStats: true
                        MultiFileSpray: false
            Path -> Alias:
              hdfs://hadoop-02.uni.innopolis.ru:8020/tmp/hive/team30/73eecc7d-8c92-412b-93cf-7d831eea30f7/hive_2026-05-09_10-37-12_479_6164981457872246905-701/dummy_path [_dummy_table]
            Path -> Partition:
              hdfs://hadoop-02.uni.innopolis.ru:8020/tmp/hive/team30/73eecc7d-8c92-412b-93cf-7d831eea30f7/hive_2026-05-09_10-37-12_479_6164981457872246905-701/dummy_path 
                Partition
                  base file name: dummy_path
                  input format: org.apache.hadoop.hive.ql.io.NullRowsInputFormat
                  output format: org.apache.hadoop.hive.ql.io.HiveIgnoreKeyTextOutputFormat
                  properties:
                    bucket_count -1
                    bucketing_version 2
                    column.name.delimiter ,
                    columns 
                    columns.comments 
                    columns.types 
                    file.inputformat org.apache.hadoop.hive.ql.io.NullRowsInputFormat
                    file.outputformat org.apache.hadoop.hive.ql.io.HiveIgnoreKeyTextOutputFormat
                    location hdfs://hadoop-02.uni.innopolis.ru:8020/tmp/hive/team30/73eecc7d-8c92-412b-93cf-7d831eea30f7/hive_2026-05-09_10-37-12_479_6164981457872246905-701/dummy_path
                    name _dummy_database._dummy_table
                    serialization.ddl struct _dummy_table { }
                    serialization.format 1
                    serialization.lib org.apache.hadoop.hive.serde2.NullStructSerDe
                  serde: org.apache.hadoop.hive.serde2.NullStructSerDe
                
                    input format: org.apache.hadoop.hive.ql.io.NullRowsInputFormat
                    output format: org.apache.hadoop.hive.ql.io.HiveIgnoreKeyTextOutputFormat
                    properties:
                      bucket_count -1
                      bucketing_version 2
                      column.name.delimiter ,
                      columns 
                      columns.comments 
                      columns.types 
                      file.inputformat org.apache.hadoop.hive.ql.io.NullRowsInputFormat
                      file.outputformat org.apache.hadoop.hive.ql.io.HiveIgnoreKeyTextOutputFormat
                      location hdfs://hadoop-02.uni.innopolis.ru:8020/tmp/hive/team30/73eecc7d-8c92-412b-93cf-7d831eea30f7/hive_2026-05-09_10-37-12_479_6164981457872246905-701/dummy_path
                      name _dummy_database._dummy_table
                      serialization.ddl struct _dummy_table { }
                      serialization.format 1
                      serialization.lib org.apache.hadoop.hive.serde2.NullStructSerDe
                    serde: org.apache.hadoop.hive.serde2.NullStructSerDe
                    name: _dummy_database._dummy_table
                  name: _dummy_database._dummy_table
            Truncated Path -> Alias:
              hdfs://hadoop-02.uni.innopolis.ru:8020/tmp/hive/team30/73eecc7d-8c92-412b-93cf-7d831eea30f7/hive_2026-05-09_10-37-12_479_6164981457872246905-701/dummy_path [_dummy_table]
        Union 2 
            Vertex: Union 2

  Stage: Stage-2
    Dependency Collection

  Stage: Stage-4
      Create Table Operator:
        Create Table
          columns: model string, hyperparameter string, tested_values string, best_value string, cv_folds int, selection_metric string
          input format: org.apache.hadoop.hive.ql.io.parquet.MapredParquetInputFormat
          output format: org.apache.hadoop.hive.ql.io.parquet.MapredParquetOutputFormat
          serde name: org.apache.hadoop.hive.ql.io.parquet.serde.ParquetHiveSerDe
          name: team30_projectdb.stage4_hyperparameter_results

  Stage: Stage-3
    Stats Work
      Basic Stats Work:
          Stats Aggregation Key Prefix: hdfs://hadoop-02.uni.innopolis.ru:8020/user/team30/project/hive/warehouse/.hive-staging_hive_2026-05-09_10-37-12_479_6164981457872246905-701/-ext-10002/

  Stage: Stage-0
    Move Operator
      files:
          hdfs directory: true
          source: hdfs://hadoop-02.uni.innopolis.ru:8020/user/team30/project/hive/warehouse/.hive-staging_hive_2026-05-09_10-37-12_479_6164981457872246905-701/-ext-10002
          destination: hdfs://hadoop-02.uni.innopolis.ru:8020/user/team30/project/hive/warehouse/stage4_hyperparameter_results


INFO  : Completed compiling command(queryId=hive_20260509103712_db22a721-21b8-47fb-8106-cab6e6c6a23f); Time taken: 0.142 seconds
INFO  : Executing command(queryId=hive_20260509103712_db22a721-21b8-47fb-8106-cab6e6c6a23f): CREATE TABLE stage4_hyperparameter_results
STORED AS PARQUET
AS
SELECT
'Random Forest' AS model,
'numTrees' AS hyperparameter,
'[30, 60]' AS tested_values,
'60' AS best_value,
2 AS cv_folds,
'f1' AS selection_metric
UNION ALL
SELECT
'Random Forest' AS model,
'maxDepth' AS hyperparameter,
'[4, 6]' AS tested_values,
'6' AS best_value,
2 AS cv_folds,
'f1' AS selection_metric
UNION ALL
SELECT
'Logistic Regression' AS model,
'regParam' AS hyperparameter,
'[0.01, 0.1]' AS tested_values,
'0.1' AS best_value,
2 AS cv_folds,
'f1' AS selection_metric
UNION ALL
SELECT
'Logistic Regression' AS model,
'elasticNetParam' AS hyperparameter,
'[0.0, 0.5]' AS tested_values,
'0.5' AS best_value,
2 AS cv_folds,
'f1' AS selection_metric
INFO  : Query ID = hive_20260509103712_db22a721-21b8-47fb-8106-cab6e6c6a23f
INFO  : Total jobs = 1
INFO  : Launching Job 1 out of 1
INFO  : Starting task [Stage-1:MAPRED] in serial mode
INFO  : Subscribed to counters: [] for queryId: hive_20260509103712_db22a721-21b8-47fb-8106-cab6e6c6a23f
INFO  : Session is already open
INFO  : Dag name: CREATE TABLE stage4_hyper...selection_metric (Stage-1)
INFO  : Status: Running (Executing on YARN cluster with App id application_1777989965680_2044)

INFO  : Starting task [Stage-2:DEPENDENCY_COLLECTION] in serial mode
INFO  : Starting task [Stage-0:MOVE] in serial mode
INFO  : Moving data to directory hdfs://hadoop-02.uni.innopolis.ru:8020/user/team30/project/hive/warehouse/stage4_hyperparameter_results from hdfs://hadoop-02.uni.innopolis.ru:8020/user/team30/project/hive/warehouse/.hive-staging_hive_2026-05-09_10-37-12_479_6164981457872246905-701/-ext-10002
INFO  : Starting task [Stage-4:DDL] in serial mode
INFO  : Starting task [Stage-3:STATS] in serial mode
INFO  : Completed executing command(queryId=hive_20260509103712_db22a721-21b8-47fb-8106-cab6e6c6a23f); Time taken: 0.571 seconds
INFO  : OK
No rows affected (0.744 seconds)
INFO  : Compiling command(queryId=hive_20260509103713_2b77d7eb-b5ba-48c9-be19-8e068e917ae0): SHOW TABLES LIKE 'stage4_*'
INFO  : Semantic Analysis Completed (retrial = false)
INFO  : Returning Hive schema: Schema(fieldSchemas:[FieldSchema(name:tab_name, type:string, comment:from deserializer)], properties:null)
INFO  : EXPLAIN output for queryid hive_20260509103713_2b77d7eb-b5ba-48c9-be19-8e068e917ae0 : STAGE DEPENDENCIES:
  Stage-0 is a root stage [DDL]
  Stage-1 depends on stages: Stage-0 [FETCH]

STAGE PLANS:
  Stage: Stage-0
      Show Table Operator:
        Show Tables
          database name: team30_projectdb
          pattern: stage4_*
          result file: file:/tmp/hive/73eecc7d-8c92-412b-93cf-7d831eea30f7/hive_2026-05-09_10-37-13_245_2818037081460589083-701/-local-10000

  Stage: Stage-1
    Fetch Operator
      limit: -1
      Processor Tree:
        ListSink


INFO  : Completed compiling command(queryId=hive_20260509103713_2b77d7eb-b5ba-48c9-be19-8e068e917ae0); Time taken: 0.015 seconds
INFO  : Executing command(queryId=hive_20260509103713_2b77d7eb-b5ba-48c9-be19-8e068e917ae0): SHOW TABLES LIKE 'stage4_*'
INFO  : Starting task [Stage-0:DDL] in serial mode
INFO  : Completed executing command(queryId=hive_20260509103713_2b77d7eb-b5ba-48c9-be19-8e068e917ae0); Time taken: 0.006 seconds
INFO  : OK
5 rows selected (0.069 seconds)
Closing: 0: jdbc:hive2://hadoop-03.uni.innopolis.ru:10001
